statistical	163-782-B
statistics	163-806-B
statuary	163-828-B
statue	163-849-B,163-862-B
stature	163-880-B,163-895-B,163-911-B,163-928-B,163-949-B,163-965-B
status	163-981-B,163-993-B,163-1006-B,163-1019-B,163-1033-B
statute	163-1049-B,163-1065-B
staunch	163-1077-B,163-1097-B
stave	163-1111-B,163-1125-B,163-1136-B
stay	163-1147-B,163-1162-B,163-1174-B,163-1188-B,163-1200-B,163-1215-B,163-1228-B
stead	163-1239-B
steadfast	163-1252-B,163-1274-B
steadily	163-1289-B,163-1308-B,163-1326-B,163-1347-B
steadiness	163-1361-B
steady	163-1381-B,163-1398-B,163-1414-B,163-1426-B,163-1445-B,163-1461-B,163-1477-B,163-1489-B,163-1505-B,163-1519-B,163-1538-B
steak	163-1550-B,163-1561-B
steal	163-1576-B,163-1589-B,163-1607-B
stealing	163-1620-B
stealthy	163-1638-B
steam	163-1655-B,163-1666-B,163-1678-B,163-1696-B
steamboat	163-1708-B
steamer	163-1728-B
steamship	163-1746-B
stearin	163-1766-B
steed	163-1783-B
steel	163-1793-B
steep	163-1805-B,163-1819-B
steeple	163-1831-B
steeply	163-1845-B
steepness	163-1859-B,163-1879-B
steer	163-1897-B,163-1912-B,163-1928-B,163-1942-B,163-1955-B,163-1969-B
steerage	163-1981-B
steersman	163-2000-B
stem	163-2019-B,163-2029-B,163-2043-B,163-2053-B,163-2063-B,163-2073-B,163-2084-B,163-2097-B
stench	163-2113-B
stencil	163-2126-B,163-2138-B,163-2154-B,163-2172-B
stenographer	163-2189-B
stenography	163-2213-B,163-2237-B
step	163-2261-B,163-2273-B,163-2283-B,163-2294-B,163-2306-B,163-2320-B,163-2329-B,163-2342-B,163-2353-B,163-2363-B,163-2376-B,163-2386-B,163-2396-B,163-2407-B,163-2419-B,163-2429-B,163-2444-B
steppe	163-2458-B
stereometry	163-2472-B
stereoscope	163-2497-B
stereotype	163-2521-B
stereotyped	163-2543-B
stereotypical	163-2566-B
sterile	163-2591-B,163-2612-B
sterilize	163-2628-B
stern	163-2651-B,163-2667-B,163-2686-B,163-2700-B,163-2711-B,163-2725-B
sternly	163-2738-B
sternness	163-2753-B
stew	163-2774-B,163-2786-B
steward	163-2798-B,163-2821-B,163-2839-B
stick	163-2854-B,163-2868-B,163-2882-B,163-2893-B,163-2906-B,163-2917-B
sticky	163-2930-B
stiff	163-2946-B,163-2961-B,163-2976-B,163-2987-B,163-2999-B,163-3012-B,163-3023-B
stiffly	163-3035-B,163-3050-B
stifle	163-3064-B,163-3084-B,164-0-B,164-15-B
stifling	164-33-B
still	164-54-B,164-68-B,164-88-B,164-99-B,164-114-B,164-124-B,164-137-B,164-148-B,164-162-B,164-175-B
stillness	164-186-B
stilly	164-203-B
stilt	164-215-B
stimulant	164-227-B
stimulate	164-245-B,164-265-B,164-285-B,164-305-B,164-324-B,164-346-B,164-365-B,164-385-B,164-404-B,164-425-B,164-446-B,164-465-B,164-485-B,164-502-B,164-523-B,164-547-B
stimulation	164-564-B
stimulus	164-584-B,164-604-B,164-621-B,164-641-B
sting	164-661-B,164-673-B,164-687-B,164-697-B,164-707-B,164-718-B,164-731-B,164-745-B,164-756-B,164-770-B,164-784-B,164-799-B,164-811-B,164-824-B,164-837-B
stinginess	164-849-B,164-871-B,164-894-B,164-920-B
stingray	164-943-B
stingy	164-956-B,164-970-B,164-988-B,164-1003-B,164-1017-B,164-1035-B
stink	164-1050-B,164-1062-B
stint	164-1076-B,164-1091-B,164-1104-B
stipend	164-1115-B,164-1135-B
stipple	164-1149-B
stipulation	164-1167-B,164-1188-B,164-1209-B
stir	164-1232-B,164-1245-B,164-1258-B,164-1272-B,164-1288-B,164-1302-B,164-1317-B,164-1329-B,164-1342-B
stirring	164-1357-B
stitch	164-1374-B,164-1388-B,164-1401-B
stoat	164-1416-B
stock	164-1428-B,164-1442-B,164-1458-B,164-1476-B,164-1491-B,164-1506-B,164-1523-B,164-1533-B,164-1544-B,164-1555-B,164-1565-B
stockade	164-1580-B
stockholder	164-1599-B
stockholm	2-279-B
stocking	164-1625-B
stockpile	164-1639-B
stocks	164-1658-B,164-1670-B
stoic	164-1684-B
stoical	164-1699-B
stoke	164-1716-B,164-1729-B
stole	164-1745-B,164-1757-B
stomach	164-1769-B,164-1782-B,164-1795-B,164-1808-B,164-1824-B,164-1842-B
stone	164-1854-B,164-1870-B,164-1880-B,164-1892-B,164-1905-B,164-1918-B
stonecutter	164-1933-B
stonemason	164-1957-B
stony	164-1980-B
stool	164-1991-B,164-2002-B,164-2019-B
stop	164-2034-B,164-2049-B,164-2063-B,164-2076-B,164-2089-B,164-2104-B,164-2118-B,164-2134-B,164-2145-B,164-2156-B,164-2170-B,164-2185-B,164-2196-B,164-2216-B,164-2226-B,164-2238-B,164-2251-B,164-2267-B,164-2283-B,164-2298-B,164-2313-B,164-2329-B,164-2342-B,164-2358-B,164-2374-B,164-2387-B,164-2404-B,164-2421-B,164-2437-B
stoppage	164-2449-B
stopper	164-2468-B,164-2486-B,164-2499-B,164-2512-B,164-2528-B,164-2541-B,164-2560-B
stopple	164-2572-B
store	164-2585-B,164-2598-B,164-2611-B,164-2625-B,164-2639-B,164-2654-B,164-2667-B
storehouse	164-2678-B
storeroom	164-2697-B,164-2721-B
storey	164-2745-B,164-2758-B
stork	164-2776-B
storm	164-2791-B,164-2804-B,164-2816-B,164-2828-B,164-2842-B,164-2858-B
stormy	164-2871-B
story	164-2890-B,164-2902-B,164-2921-B,164-2936-B,164-2949-B,164-2966-B,164-2980-B,164-2997-B
stout	164-3013-B,164-3026-B,164-3036-B,164-3048-B,165-0-B
stove	165-12-B,165-25-B
stow	165-36-B
straggle	165-48-B
straight	165-64-B,165-80-B,165-97-B,165-111-B,165-125-B,165-140-B,165-157-B,165-179-B,165-196-B
straightaway	165-211-B,165-231-B
straightedge	165-257-B
straighten	165-278-B
straightforward	165-298-B,165-325-B,165-350-B,165-376-B,165-400-B,165-428-B,165-449-B,165-473-B
strain	165-496-B,165-508-B,165-520-B,165-535-B,165-552-B,165-569-B,165-587-B,165-598-B,165-612-B,165-624-B,165-637-B,165-652-B,165-668-B,165-680-B,165-693-B
strained	165-705-B,165-725-B,165-744-B,165-763-B
strainer	165-778-B
strait	165-794-B,165-805-B,165-818-B,165-830-B
straitened	165-844-B
straitlaced	165-860-B
strand	165-879-B,165-892-B,165-905-B,165-918-B,165-932-B
strange	165-946-B,165-966-B,165-986-B,165-998-B,165-1015-B,165-1032-B,165-1045-B,165-1060-B,165-1082-B
strangely	165-1101-B,165-1116-B
stranger	165-1133-B,165-1152-B,165-1169-B
strangle	165-1190-B,165-1206-B,165-1223-B
strap	165-1239-B,165-1250-B,165-1261-B,165-1271-B
stratagem	165-1282-B,165-1298-B,165-1313-B
strategy	165-1335-B,165-1356-B
stratum	165-1375-B
straw	165-1388-B,165-1399-B
strawberry	165-1414-B
stray	165-1433-B,165-1448-B,165-1460-B,165-1473-B
streak	165-1487-B,165-1499-B,165-1513-B,165-1528-B,165-1542-B,165-1556-B
stream	165-1568-B,165-1580-B,165-1593-B,165-1605-B,165-1620-B,165-1636-B,165-1650-B,165-1663-B
streamer	165-1679-B
street	165-1695-B
streetcar	165-1709-B
strength	165-1724-B,165-1740-B,165-1755-B
strengthen	165-1772-B
strenuous	165-1794-B,165-1813-B,165-1834-B
strenuously	165-1853-B
stress	165-1874-B,165-1888-B,165-1907-B,165-1926-B,165-1939-B,165-1951-B,165-1967-B
stretch	165-1981-B,165-1997-B,165-2012-B,165-2028-B,165-2045-B,165-2069-B,165-2087-B
stretcher	165-2105-B,165-2120-B,165-2139-B
stretchy	165-2159-B,165-2178-B
strew	165-2195-B,165-2210-B
strict	165-2228-B,165-2239-B,165-2254-B,165-2266-B,165-2283-B,165-2301-B,165-2316-B,165-2329-B,165-2342-B,165-2356-B,165-2370-B
strictly	165-2383-B,165-2396-B,165-2413-B,165-2427-B,165-2446-B,165-2466-B,165-2481-B,165-2497-B
stride	165-2513-B,165-2526-B,165-2537-B,165-2552-B,165-2564-B,165-2579-B,165-2591-B,165-2605-B
strident	165-2621-B,165-2643-B
stridently	165-2658-B
strife	165-2675-B
strike	165-2688-B,165-2703-B,165-2719-B,165-2736-B,165-2750-B,165-2763-B,165-2777-B,165-2792-B,165-2807-B,165-2822-B,165-2838-B,165-2851-B,165-2864-B,165-2876-B,165-2890-B,165-2905-B,165-2922-B,165-2937-B
striking	165-2956-B,165-2979-B
strikingly	165-2998-B
string	165-3019-B,165-3031-B,165-3043-B,165-3056-B,165-3070-B,165-3085-B,165-3097-B,165-3109-B,165-3122-B,165-3133-B,165-3146-B,166-0-B,166-15-B,166-31-B,166-43-B,166-56-B
stringency	166-68-B
stringent	166-90-B
stringently	166-107-B
strip	166-126-B,166-137-B,166-148-B,166-161-B,166-173-B,166-186-B,166-200-B,166-216-B,166-232-B
stripe	166-246-B,166-258-B,166-270-B,166-282-B,166-296-B,166-310-B
striving	166-327-B
stroke	166-344-B,166-360-B,166-372-B,166-386-B,166-401-B,166-413-B,166-426-B,166-440-B,166-454-B,166-466-B
stroll	166-477-B,166-490-B,166-504-B,166-520-B,166-536-B
stroller	166-553-B,166-572-B
strong	166-589-B,166-601-B,166-616-B,166-629-B,166-645-B,166-658-B,166-671-B,166-683-B
strongbox	166-696-B
stronghold	166-711-B
strongly	166-730-B,166-744-B,166-761-B,166-779-B,166-794-B,166-809-B
strontium	166-824-B
strophe	166-844-B
structure	166-859-B,166-874-B,166-893-B,166-915-B,166-939-B
struggle	166-959-B,166-976-B,166-990-B,166-1006-B,166-1020-B,166-1037-B,166-1054-B,166-1072-B
strung	84-1868-S,84-1888-S
strychnine	166-1091-B
stub	166-1113-B,166-1124-B,166-1136-B
stubborn	166-1148-B,166-1169-B,166-1189-B,166-1205-B,166-1227-B,166-1245-B,166-1263-B
stubbornly	166-1284-B,166-1307-B,166-1329-B
stubbornness	166-1347-B
stucco	166-1371-B
stud	166-1391-B,166-1401-B
student	166-1411-B,166-1428-B
studied	166-1444-B
studio	166-1464-B,166-1479-B
studious	166-1493-B,166-1510-B,166-1527-B
studiously	166-1547-B,166-1566-B,166-1585-B
studiousness	166-1607-B
study	166-1626-B,166-1643-B,166-1658-B
stuff	166-1671-B,166-1684-B,166-1700-B,166-1716-B,166-1731-B,166-1746-B,166-1757-B,166-1771-B,166-1782-B,166-1799-B,166-1816-B
stuffy	166-1829-B,166-1844-B
stumble	166-1856-B
stump	166-1875-B,166-1887-B
stun	166-1900-B,166-1915-B
stupefaction	166-1929-B
stupefy	166-1953-B,166-1971-B
stupendous	166-1988-B,166-2009-B
stupid	166-2037-B,166-2048-B,166-2059-B,166-2072-B,166-2090-B,166-2105-B,166-2125-B,166-2139-B,166-2151-B,166-2170-B
stupidly	166-2189-B,166-2202-B
sturdily	166-2216-B
sturdy	166-2231-B,166-2243-B,166-2255-B,166-2268-B,166-2281-B,166-2296-B,166-2309-B,166-2323-B,166-2336-B
sturgeon	166-2350-B
stutter	166-2365-B,166-2382-B,166-2399-B
sty	166-2417-B
style	166-2426-B,166-2439-B,166-2451-B,166-2463-B
stylish	166-2475-B,166-2488-B
stylishly	166-2504-B
stylize	166-2522-B
stylus	166-2539-B,166-2555-B
suave	166-2570-B,166-2588-B
suavely	166-2600-B,166-2620-B
subaltern	166-2634-B,166-2658-B
subdue	166-2678-B,166-2694-B
subdued	166-2713-B
subject	166-2726-B,166-2742-B,166-2760-B,166-2778-B,166-2798-B,166-2812-B,166-2825-B,166-2841-B,166-2855-B
subjection	166-2867-B
subjective	166-2894-B
subjectively	166-2916-B
subjectivity	166-2940-B
subjugate	166-2968-B,166-2987-B
subjunctive	166-3009-B
sublimate	166-3033-B
sublime	166-3053-B
sublimely	166-3070-B
submarine	166-3089-B
submerge	166-3109-B
submissive	166-3130-B,166-3149-B
submissively	166-3171-B,166-3192-B
submit	166-3216-B,167-0-B
subordinate	167-19-B,167-39-B,167-65-B
subordinated	167-92-B
subpoena	167-119-B
subscribe	167-140-B,167-163-B
subscriber	167-181-B
subscription	167-200-B
subsequent	167-224-B,167-241-B
subsequently	167-260-B,167-282-B,167-302-B,167-319-B,167-342-B
subservient	167-366-B,167-389-B
subsidiary	167-415-B,167-437-B
subsidize	167-462-B
subsidy	167-485-B,167-507-B,167-526-B,167-543-B
subsist	167-559-B,167-575-B
subsistence	167-589-B
substance	167-609-B,167-626-B,167-646-B,167-663-B,167-678-B,167-693-B,167-714-B,167-730-B
substantial	167-756-B,167-781-B,167-805-B,167-826-B,167-844-B,167-861-B,167-880-B,167-899-B
substantially	167-921-B,167-947-B
substantiate	167-970-B
substantive	167-994-B,167-1018-B
substitute	167-1052-B,167-1072-B,167-1100-B,167-1127-B,167-1151-B
substitution	167-1172-B
substructure	167-1196-B,167-1219-B
subsurface	167-1242-B
subterfuge	167-1264-B,167-1282-B,167-1299-B,167-1321-B,167-1337-B,167-1355-B,167-1372-B,167-1388-B,167-1404-B
subterranean	167-1425-B
subtile	167-1449-B,167-1469-B
subtle	167-1485-B,167-1497-B,167-1511-B,167-1530-B,167-1545-B,167-1557-B
subtlety	167-1574-B,167-1592-B,167-1617-B
subtly	167-1638-B,167-1657-B
subtract	167-1672-B
subtraction	167-1691-B
suburb	167-1714-B
subvention	167-1730-B
subway	167-1750-B,167-1763-B
succeed	167-1777-B,167-1795-B,167-1815-B,167-1830-B
success	167-1845-B,167-1860-B
succession	167-1878-B
succinct	167-1895-B,167-1912-B,167-1928-B
succinctness	167-1942-B
succor	167-1967-B
succour	167-1979-B,167-1994-B
succulent	167-2007-B
succumb	167-2024-B
such	167-2042-B,167-2058-B,167-2072-B,167-2080-B,167-2090-B,167-2103-B,167-2115-B,167-2125-B
suchlike	167-2139-B
suck	167-2159-B,167-2171-B,167-2185-B,167-2200-B
suckle	167-2212-B
sudden	167-2225-B,167-2243-B
suddenly	167-2261-B,167-2277-B,167-2293-B
suds	167-2313-B
sue	167-2325-B
suet	167-2340-B,167-2354-B,167-2366-B,167-2377-B,167-2387-B
suffer	167-2397-B,167-2414-B,167-2428-B,167-2442-B,167-2459-B,167-2475-B,167-2492-B,167-2508-B,167-2521-B
suffice	167-2538-B,167-2556-B,167-2580-B,167-2596-B,167-2619-B
sufficient	167-2636-B,167-2653-B,167-2671-B,167-2688-B,167-2708-B,167-2729-B
sufficiently	167-2745-B,167-2764-B,167-2784-B,167-2803-B,167-2825-B,167-2848-B
suffix	167-2866-B,167-2887-B
suffocate	167-2901-B,167-2921-B,167-2944-B,167-2961-B,167-2979-B,167-3000-B
suffragan	167-3021-B
suffuse	167-3042-B
sugar	167-3059-B,167-3072-B
sugary	167-3087-B
suggest	167-3099-B,167-3117-B,167-3134-B,167-3153-B
suggestion	167-3171-B,167-3193-B,167-3215-B,167-3236-B,167-3251-B,167-3271-B
suit	167-3287-B,167-3302-B,167-3316-B,167-3329-B,167-3341-B,167-3353-B,167-3371-B,167-3384-B,167-3393-B
suitability	167-3405-B
suitable	167-3430-B,167-3450-B,167-3470-B,167-3489-B,167-3510-B,167-3526-B,167-3544-B,167-3560-B,167-3577-B
suitably	167-3595-B,167-3615-B,168-0-B,168-21-B,168-37-B
suitcase	168-55-B,168-75-B,168-91-B
suite	168-107-B
suitor	168-120-B
sulfur	168-135-B
sulfurous	168-149-B
sullen	168-168-B
sully	168-184-B,168-201-B
sulphur	168-222-B
sulphurous	168-237-B
sultan	168-257-B
sultriness	168-271-B
sultry	168-292-B,168-307-B,168-324-B,168-340-B,168-359-B
sum	168-372-B,168-383-B,168-397-B,168-413-B,168-421-B,168-431-B,168-441-B,168-452-B
summarily	168-469-B
summarize	168-487-B,168-507-B
summary	168-529-B
summer	168-545-B
summerly	168-558-B
summery	168-574-B
summit	168-589-B,168-602-B,168-615-B,168-627-B,168-639-B,168-651-B,168-664-B,168-678-B,168-689-B,168-700-B,168-713-B
summon	168-728-B,168-745-B
summons	168-761-B,168-780-B
sump	168-800-B
sumptuous	168-812-B
sumptuously	168-832-B
sun	168-854-B,168-862-B
sunblind	168-878-B
sunday	2-299-B,168-899-B
sundry	168-913-B
sunflower	168-929-B
sunken	168-950-B,168-961-B
sunshine	168-979-B
superabundance	168-1000-B
superannuated	168-1025-B
superannuation	168-1049-B
superb	168-1073-B,168-1090-B,168-1104-B,168-1125-B,168-1141-B
superbly	168-1157-B,168-1176-B,168-1192-B,168-1215-B
supercilious	168-1233-B
superciliously	168-1255-B
superinduce	168-1279-B
superintend	168-1300-B
superintendent	168-1320-B,168-1345-B
superior	168-1371-B,168-1389-B,168-1404-B,168-1422-B,168-1441-B
superiority	168-1460-B,168-1484-B
superiorly	168-1510-B
superlative	168-1527-B
supermarket	168-1551-B
superscription	168-1574-B,168-1595-B
supersede	168-1620-B,168-1641-B
superstition	168-1661-B
supervise	168-1684-B,168-1702-B,168-1720-B,168-1742-B,168-1765-B
supervisor	168-1783-B
supine	168-1805-B
supper	168-1818-B,168-1835-B
supplant	168-1852-B
supple	168-1872-B,168-1888-B,168-1905-B,168-1918-B
supply	168-1932-B,168-1947-B,168-1964-B,168-1981-B,168-2000-B,168-2020-B,168-2037-B,168-2052-B,168-2068-B,168-2088-B,168-2104-B,168-2119-B,168-2136-B,168-2155-B,168-2171-B
support	168-2190-B,168-2205-B,168-2220-B,168-2235-B,168-2251-B,168-2269-B,168-2289-B,168-2310-B,168-2326-B,168-2343-B,168-2358-B,168-2372-B,168-2388-B,168-2401-B,168-2417-B,168-2435-B,168-2453-B
supporter	168-2471-B,168-2491-B,168-2508-B,168-2522-B
suppose	168-2540-B,168-2557-B,168-2571-B,168-2587-B,168-2605-B
supposing	168-2629-B
supposition	168-2650-B,168-2672-B,168-2691-B,168-2717-B,168-2739-B
suppress	168-2768-B,168-2787-B,168-2809-B,168-2828-B,168-2844-B,168-2864-B,168-2884-B,168-2904-B
suppurate	168-2924-B
supra	168-2942-B
supremacy	168-2954-B,168-2977-B
surcharge	168-2998-B
sure	168-3016-B,168-3033-B,168-3044-B,168-3057-B,168-3067-B,168-3083-B,168-3098-B,168-3107-B
surely	168-3118-B,168-3132-B,168-3147-B,168-3159-B,168-3170-B
sureness	168-3183-B
surety	168-3202-B,168-3214-B
surf	168-3231-B
surface	168-3245-B,168-3260-B,168-3278-B,168-3298-B
surge	168-3311-B,168-3322-B,168-3333-B,168-3346-B
surgeon	168-3362-B,168-3378-B
surgery	168-3398-B,168-3416-B,169-0-B
surly	169-22-B,169-33-B,169-45-B,169-56-B,169-68-B,169-83-B,169-96-B
surmise	169-107-B,169-124-B,169-139-B,169-153-B,169-169-B,169-187-B
surmount	169-211-B
surname	169-231-B,169-250-B,169-270-B
surpass	169-282-B,169-302-B,169-321-B
surpassing	169-339-B
surplice	169-361-B
surprise	169-379-B,169-398-B,169-415-B,169-433-B,169-452-B
surprising	169-472-B
surrender	169-500-B,169-522-B,169-543-B
surreptitious	169-562-B
surrogate	169-588-B,169-614-B
surround	169-634-B,169-653-B,169-670-B,169-688-B
surroundings	169-702-B,169-724-B,169-747-B
survey	169-767-B,169-786-B,169-805-B,169-822-B,169-838-B
surveyor	169-854-B
survive	169-873-B
susceptible	169-891-B
suspect	169-912-B,169-929-B,169-947-B,169-965-B
suspend	169-989-B
suspenders	169-1006-B,169-1024-B
suspension	169-1043-B,169-1067-B,169-1090-B,169-1111-B
suspicion	169-1130-B,169-1152-B,169-1170-B,169-1191-B
suspicious	169-1212-B,169-1237-B,169-1258-B
suspiciously	169-1278-B,169-1305-B,169-1328-B
sustain	169-1350-B,169-1368-B,169-1383-B,169-1403-B,169-1424-B,169-1440-B,169-1457-B,169-1473-B,169-1489-B
sustaining	169-1507-B
sustenance	169-1527-B,169-1554-B,169-1575-B,169-1594-B
suture	169-1613-B,169-1629-B
svelte	169-1641-B
swaddle	169-1654-B
swag	169-1672-B
swallow	169-1682-B,169-1702-B,169-1720-B,169-1736-B,169-1752-B
swamp	169-1767-B,169-1779-B,169-1794-B,169-1805-B
swampy	169-1818-B,169-1833-B
swan	169-1850-B
swank	169-1861-B
swap	169-1878-B,169-1892-B,169-1908-B,169-1920-B,169-1937-B,169-1952-B
swarm	169-1966-B,169-1980-B,169-1995-B,169-2008-B,169-2022-B,169-2038-B,169-2050-B
swarthy	169-2064-B
swat	169-2079-B,169-2090-B
sway	169-2100-B,169-2113-B,169-2128-B,169-2141-B,169-2154-B
swear	169-2167-B
swearing	169-2180-B,169-2199-B
sweat	169-2212-B,169-2231-B,169-2243-B
sweden	2-313-B
swedish	2-327-B
sweep	169-2256-B,169-2271-B,169-2285-B,169-2298-B,169-2311-B,169-2325-B,169-2343-B,169-2354-B
sweeping	169-2366-B,169-2385-B,169-2405-B
sweet	169-2428-B,169-2441-B,169-2456-B,169-2467-B,169-2482-B,169-2494-B,169-2510-B,169-2524-B,169-2537-B,169-2549-B,169-2560-B
sweeten	169-2577-B
sweetheart	169-2592-B,169-2611-B,169-2631-B,169-2647-B,169-2665-B,169-2684-B,169-2701-B
sweetly	169-2722-B
sweetmeat	169-2735-B
sweetness	169-2752-B,169-2771-B,169-2797-B,169-2817-B,169-2836-B
sweety	169-2857-B
swell	169-2871-B,169-2886-B,169-2902-B,169-2915-B,169-2930-B
swelling	169-2944-B,169-2960-B
swelter	169-2978-B
swift	169-2993-B,169-3004-B,169-3018-B,169-3032-B,169-3043-B,169-3054-B,169-3068-B
swiftly	169-3079-B,169-3092-B,169-3108-B,169-3124-B,169-3137-B,169-3150-B,169-3166-B
swiftness	169-3179-B,169-3198-B
swig	169-3217-B
swill	169-3229-B,169-3245-B
swim	169-3259-B
swimming	169-3272-B
swindle	169-3289-B,169-3304-B,169-3322-B,170-0-B
swine	170-18-B,170-31-B
swing	170-43-B,170-60-B,170-74-B,170-90-B,170-104-B,170-115-B,170-130-B,170-144-B,170-158-B,170-172-B
swipe	170-186-B,170-199-B,170-211-B,170-222-B
swish	170-235-B,170-249-B,170-264-B
swiss	2-342-B,2-356-B,170-277-B
switch	170-292-B,170-304-B,170-318-B,170-337-B,170-350-B,170-368-B,170-386-B,170-400-B,170-423-B,170-442-B
switzerland	2-371-B
swivel	170-456-B
swollen	170-471-B
swoon	170-483-B
swop	170-507-B,170-521-B,170-533-B
sword	170-547-B,170-559-B,170-571-B,170-588-B
swordplay	170-601-B
swordsmanship	170-620-B
syllable	170-646-B,170-667-B
syllabus	170-684-B
syllogism	170-703-B,170-723-B
symbol	170-744-B,170-759-B,170-772-B
symbolism	170-790-B
symbolize	170-810-B
symmetric	170-833-B,170-854-B
symmetrical	170-876-B,170-899-B
symmetrically	170-923-B
symmetry	170-949-B
sympathetic	170-968-B,170-989-B,170-1012-B
sympathetically	170-1037-B,170-1062-B,170-1089-B
sympathize	170-1118-B
sympathy	170-1143-B,170-1163-B,170-1183-B
symphony	170-1202-B
symptom	170-1220-B,170-1237-B
synagogue	170-1251-B,170-1271-B
synchronous	170-1290-B
syncopation	170-1315-B
syncope	170-1335-B
syndicate	170-1351-B,170-1371-B,170-1389-B
synod	170-1413-B,170-1435-B
synonymic	170-1448-B,170-1467-B
synonymous	170-1488-B,170-1508-B
synopsis	170-1530-B,170-1549-B
synoptical	170-1571-B
syntax	170-1593-B,170-1609-B,170-1625-B
synthesis	170-1641-B
synthetic	170-1660-B
synthetical	170-1682-B
syphilis	170-1706-B
syrian	2-395-B
syringa	170-1723-B
syringe	170-1738-B,170-1760-B,170-1774-B,170-1790-B
syrup	170-1809-B,170-1822-B
system	170-1835-B,170-1849-B,170-1867-B,170-1882-B
systematic	170-1897-B,170-1918-B,170-1942-B
systematical	170-1966-B,170-1992-B
systematically	170-2018-B,170-2046-B
tab	170-2074-B
tabby	170-2084-B,170-2094-B
tabernacle	170-2105-B,170-2125-B
table	170-2141-B,170-2156-B,170-2168-B
tableau	170-2180-B
