rosa	64-1559-B
rosol	17-0-B,98-1095-B,121-2624-B
rosolovity	98-1163-B,121-2668-B
rost	102-2113-B,103-1034-B
rota	45-2554-B
rotacia	194-3636-B,197-1936-B,253-918-B
rotacny	197-1992-B
rovesnik	50-877-B
rovina	90-962-B,129-1153-B,170-538-B,170-875-B,237-753-B
rovinny	170-813-B
rovnako	10-1073-B,10-1611-B,11-303-B,13-3553-B,13-3754-B,16-2501-B,74-961-B,78-1694-B,79-2543-B,112-1583-B,123-2703-B,130-1768-B,256-3835-B
rovnakost	200-1129-B,256-3788-B
rovnaky	10-1087-B,78-1502-B,79-2556-B,110-194-B,112-1526-B,130-1370-B,200-1055-B,207-1510-B,215-317-B,243-3400-B,256-3694-B
rovnat	129-1166-B
rovnica	78-1790-B
rovnik	78-1827-B
rovnikovy	78-1843-B
rovno	65-2760-B,94-165-B,123-2716-B,161-3001-B,195-2193-B,211-1771-B,217-140-B,231-532-B,231-659-B,259-1141-B
rovnobezka	164-2164-B
rovnobeznost	164-2297-B
rovnobezny	44-132-B,164-2185-B
rovnocennost	78-2228-B
rovnocenny	78-2315-B,240-2228-B
rovnodennost	78-1993-B
rovnomerne	79-2921-B,87-1599-B
rovnomernost	228-1643-B,256-3810-B
rovnomerny	78-1463-B,78-1517-B,79-2570-B,228-1829-B,256-3711-B
rovnopravny	78-1535-B
rovnosata	256-3731-B
rovnost	78-1610-B,164-3416-B,219-1572-B
rovnostarsky	74-222-B
rovnostranny	78-1884-B
rovnovaha	20-2896-B,53-161-B,78-1957-B
rovny	78-1554-B,79-2587-B,90-974-B,129-1180-B,170-888-B,195-2205-B,217-1127-B,219-1429-B,231-547-B,239-1784-B,259-1155-B
rozbalit	59-1832-B,197-787-B,257-2265-B,257-3850-B,258-3711-B
rozbeh	198-2452-B,198-2501-B,227-2070-B
rozbiehavost	68-3383-B
rozbit	28-2835-B,31-1683-B,53-2566-B,57-2058-B,211-553-B,219-49-B,224-842-B
rozbit sa	28-2849-B,219-63-B
rozbitie	29-131-B,219-34-B
rozbitny	29-98-B
rozbity	30-21-B
rozbor	12-1342-B,68-245-B,243-1963-B
rozbureny	242-648-B
rozbuska	34-493-B,96-1855-B
rozcarovany	66-3770-B,67-528-B
rozcarovat	67-503-B
rozchod	84-3161-B,98-524-B,165-1360-B,208-1526-B
rozclenit	68-208-B
rozculenie	80-2638-B,91-2376-B,91-2839-B,229-3173-B
rozculeny	151-3304-B,259-1719-B
rozculit	68-2765-B,80-2542-B,134-2558-B,259-1738-B
rozculovat	263-713-B
rozcvicka	267-971-B
rozdat	99-2815-B,99-2991-B
rozdavat	105-2377-B
rozdelenie	67-1480-B,68-2490-B,69-307-B,89-1390-B,165-1474-B,208-1545-B,209-2849-B
rozdelit	10-2366-B,10-2543-B,14-3287-B,14-3352-B,35-3147-B,58-902-B,58-966-B,67-991-B,68-172-B,68-619-B,68-2373-B,68-3235-B,68-3863-B,93-2346-B,94-2502-B,99-2833-B,105-2358-B,142-52-B,164-2940-B,165-381-B,165-1529-B,180-1413-B,205-2855-B,208-1112-B,210-2905-B,224-856-B,224-1076-B,225-66-B,235-3190-B
rozdelovac	68-2566-B
rozdelovanie	68-2514-B,69-327-B,208-1567-B
rozdelovat	67-118-B,68-2394-B,68-3880-B,69-1784-B,183-717-B,208-1131-B,221-2560-B,224-1095-B,233-2653-B
rozdiel	64-2826-B,68-1445-B,97-1617-B,261-1854-B
rozdielnost	64-2845-B,68-3408-B
rozdielny	64-2958-B,64-3061-B,68-514-B,68-1390-B,68-3487-B,256-1454-B,256-1727-B,257-1334-B,261-1952-B
rozdrtit	30-646-B,45-348-B,55-1360-B,136-2945-B,138-966-B,173-200-B,178-2512-B,178-2532-B,198-269-B,219-80-B,245-840-B,271-999-B
rozdrvit	138-981-B,142-3133-B,198-284-B,213-1674-B,219-96-B,225-2824-B,271-1018-B
rozduchat	84-2335-B,124-2494-B
rozdvojenie	24-2581-B
rozdvojit	24-2560-B
rozeta	197-1495-B,197-1557-B
rozhadzovat	202-1340-B
rozhlad	161-2108-B,177-1970-B,263-2398-B
rozhlas	29-3202-B,181-1478-B,271-1252-B
rozhnevany	12-2784-B
rozhnevat	12-2618-B
rozhodca	15-1647-B,15-1701-B,15-1806-B,123-504-B,186-2691-B,254-1488-B
rozhodne	3-2199-B,13-3568-B,13-3769-B,36-2638-B,37-2412-B,55-842-B,58-3293-B,59-312-B,60-2479-B,60-2819-B,97-970-B,115-2165-B,231-148-B
rozhodnost	59-71-B,59-332-B,192-1432-B,192-1711-B,231-165-B
rozhodnut	7-1565-B,15-1764-B,42-33-B,58-3195-B,64-187-B,192-1751-B
rozhodnut sa	58-3214-B,192-1771-B
rozhodnutie	7-1713-B,59-92-B,59-2827-B,88-1388-B,123-627-B,160-524-B,192-1455-B,192-1731-B,198-1715-B,262-2023-B,270-2664-B
rozhodnuty	58-3255-B
rozhodny	36-2616-B,59-271-B,60-2378-B,60-2726-B,90-986-B,136-2770-B,192-1328-B,230-3188-B,234-1771-B
rozhodol	15-1786-B
rozhodovanie	7-1600-B,59-151-B,59-180-B,159-3399-B
rozhodovat	7-1666-B,58-3236-B
rozhodujuci	47-1628-B,54-2766-B,55-821-B,58-3330-B,59-290-B,60-2747-B,64-381-B,69-2384-B,88-651-B,159-1715-B,164-2737-B,173-3328-B,265-150-B
rozhorcene	80-1241-B,115-3346-B
rozhorcenie	115-3370-B,161-2595-B
rozhorceny	115-3323-B
rozhorcit	161-2616-B
rozhovor	38-2841-B,44-322-B,51-679-B,64-1886-B,66-2639-B,66-3532-B,119-1565-B,240-917-B
rozhranie	118-3627-B
rozist sa	71-53-B,165-396-B,208-1196-B
rozjareny	122-2234-B,141-2482-B
rozjimanie	50-665-B
rozjimat	50-541-B
rozjimavy	50-691-B
rozkaz	87-301-B,113-2515-B,160-542-B
rozkazat	24-2466-B,160-573-B
rozkazovaci	113-2533-B
rozkazovat	44-3316-B,160-555-B
rozklad	29-47-B,58-2335-B,59-1054-B,59-1737-B,67-822-B,141-3610-S,186-1743-B,197-1705-B,202-504-B
rozkladaci	92-850-B
rozkladanie	59-1759-B
rozkladat	59-1630-B,202-209-B
rozkladat sa	58-2349-B,67-771-B,197-1717-B
rozkladny	33-2880-B
rozkmit	12-381-B
rozkol	198-2907-B,202-3073-B,203-873-B,224-872-B
rozkos	26-83-B,61-1673-B
rozkosnicky	238-2943-B,265-2421-B
rozkosny	8-78-B,56-2119-B,61-552-B,61-1597-B,61-1732-B,133-1790-B,204-1134-B,238-950-B
rozkrajat	143-400-B
rozkuskovat	213-1690-B
rozkvet	26-1048-B,91-1751-B,108-2552-B
rozkvitnut	73-3368-B
rozkvitnuty	91-1799-B,245-1788-B
rozkyvany	133-110-B
rozkyvat	24-1288-B
rozlahly	222-1289-B,261-3069-B
rozleptavat	52-1595-B
rozlet	90-2752-B
rozliatie	223-2071-B
rozlicnost	261-2344-B
rozlicny	144-3543-B,235-3228-B,261-2179-B,261-2566-B
rozlievat	223-2006-B
rozlisenie	66-3331-B,68-1491-B,192-1478-B
rozlisit	64-2740-B,64-3136-B,66-1064-B,66-3247-B,68-1645-B,68-1716-B,192-1794-B
rozlisovanie	66-3302-B,68-1465-B
rozlisovat	50-2973-B,64-3109-B,66-3221-B,68-1620-B,70-2428-B,205-1101-B,208-1153-B
rozloha	81-2024-B,82-2109-B,225-83-B
rozlomit	219-2285-B
rozlozenie	44-215-B,59-1785-B,67-845-B,127-2724-B,186-1761-B
rozlozit	59-1651-B,65-3468-B,66-439-B,66-464-B,67-798-B,67-1883-B,68-820-B,68-2418-B,82-56-B,186-1523-B,209-789-B,224-885-B,225-98-B,256-2669-B
rozlozitelny	59-1579-B
rozlucenie	84-3178-B,128-1346-B
rozlucit	67-1009-B,208-1175-B,209-2619-B
rozlucka	84-3200-B,128-1540-B
rozluka	208-1592-B
rozlustit	53-2580-B,59-22-B,59-1401-B,223-1045-B
rozmach	27-1489-B,145-3467-B,174-3774-B,238-618-B,238-2032-B
rozmackat	55-1376-B,138-996-B,225-2841-B
rozmacknut	55-1394-B,226-472-B
rozmanitost	68-3645-B,144-376-B,148-2472-B,261-2365-B
rozmanity	17-2410-B,68-3505-B,136-3612-B,144-284-B,148-2144-B,148-2401-B,235-3246-B,261-2197-B,261-2585-B
rozmar	34-1594-B,140-2182-B,260-2640-B,269-2876-B,269-2961-B
rozmarny	26-172-B,34-1646-B,134-2972-B,268-965-B,269-2900-B
rozmazat	26-2098-B,219-1752-B
rozmazlovat	31-2002-B,43-657-B,52-2418-B,145-2850-B,162-1775-B,164-160-B
rozmaznanec	142-3010-B
rozmaznavat	43-677-B,55-2229-B,164-180-B
rozmedzie	182-1285-B
rozmer	65-1131-B,82-2124-B,93-2843-B,98-538-B,135-619-B,139-2822-B,139-3142-B,177-816-B,216-13-B
rozmiestnenie	62-2013-B,67-3489-B,127-2743-B
rozmiestnit	67-3200-B,68-2440-B,182-1301-B,228-189-B
rozmnozit	19-194-B,136-3632-B,143-270-B,148-2628-B
rozmnozovanie	72-529-B,176-3829-B,191-896-B
rozmnozovat	136-3653-B,143-293-B
rozmontovat	66-487-B,67-1297-B
rozmotat	183-1309-B
rozmrazenie	243-3151-B
rozmrazit	60-3411-B
rozmrazovanie	60-3430-B
rozmyslanie	186-3514-B
rozmyslat	140-1181-B,148-2007-B,149-310-B,244-2234-B
rozmyslenie	185-2266-B
rozmysliet si	24-1469-B
roznasat	61-2255-B,166-2360-B,225-116-B
rozne	64-2978-B,68-1409-B,68-3524-B,144-309-B,157-752-B,208-1217-B,235-3264-B,257-1351-B,261-2604-B
roznetka	64-454-B,96-1870-B,112-2407-B,175-1063-B
rozniest	198-299-B
roznietit	88-2786-B,124-2513-B
roznofarebny	261-2136-B,261-2248-B
roznorody	17-2430-B,147-1509-B,261-2215-B,261-2619-B
roznost	261-2386-B
rozny	64-2995-B,144-330-B,157-763-B,208-1233-B,209-2710-B,235-3278-B,261-1970-B,261-2234-B,261-2639-B
rozoberat	12-1244-B,12-1564-B,49-3678-B,165-215-B
rozobrat	59-1672-B,62-194-B,67-1320-B,67-1460-B,68-190-B,232-1219-B,232-2298-B,239-3399-B
rozochveny	210-1544-B
rozohnat	202-1361-B
rozomielat	142-3148-B
rozopnut	254-3696-B,256-336-B,256-2278-B
rozosielat	207-2575-B
rozostavit	67-3221-B,228-210-B
rozostriet	225-135-B,256-2687-B
rozostup	68-1039-B,222-1192-B
rozotriet	28-2334-B
rozozierat	52-1617-B,72-3191-B,100-2674-B
rozoznat	63-659-B,66-1084-B,68-1669-B,125-1719-B,125-1761-B,135-2842-B,185-1310-B,224-2519-B
rozoznatelny	43-1497-B,66-1102-B
rozoznavat	68-1691-B
rozpacito	75-754-B
rozpacity	256-1071-B
rozpad	29-64-B,58-2369-B,59-1070-B,59-1811-B,67-872-B,67-4056-B,68-752-B
rozpadat	55-1207-B,257-3200-B
rozpadnut sa	84-752-B
rozpakov	75-707-S
rozpaky	2-1532-B,49-3059-B,66-1713-B,66-1827-B,66-1849-B,75-869-B,108-2397-B,153-2198-B,167-3698-B,167-3740-B,179-3324-B,204-1233-B
rozparat	196-831-B,217-282-B,218-472-B,256-352-B
rozpatie	68-1057-B,68-1247-B,137-2005-B,182-1320-B,222-1493-B,222-1573-B,225-216-B
rozpecatit	258-16-B
rozpinanie	81-2059-B,242-3151-B
rozpinavost	81-2081-B,81-2213-B
rozpinavy	81-2174-B
rozpis	29-256-B,202-2620-B
rozpis sluzieb	197-1586-B
rozpisat	28-2941-B,121-156-B
rozpliest	183-1325-B
rozplynut sa	68-840-B,140-2975-B
rozpocet	30-1397-B,32-2219-B
rozpojit	28-2866-B,66-3817-B,67-1029-B,255-1223-B,258-1857-B
rozpolit	25-1121-B,105-1898-B
rozpolozenie	227-2767-B
rozpor	41-2522-B,48-1092-B,50-2926-B,50-3049-B,64-2869-B,66-3033-B,115-1134-B,195-1638-B,261-1871-B
rozpoznal	185-1368-B
rozpoznat	63-676-B,112-1708-B,169-112-B,185-1075-B,185-1330-B,206-958-B
rozpoznatelny	185-1203-B
rozpoznavanie	185-1136-B
rozprasenie	18-1261-B
rozprasovac	224-3219-B,225-1021-B,261-1407-B
rozprasovanie	18-1234-B
rozprasovat	18-1307-B,224-3239-B
rozprava	66-2658-B,250-2986-B
rozpravac	150-542-B,181-815-B,188-1845-B,230-3060-B,241-3422-B
rozpravanie	38-2855-B,150-438-B,150-498-B,185-492-B,185-2907-B,188-1345-B,230-3013-B,240-627-B,240-1183-B,241-3460-B,272-1265-B,273-2765-B
rozpravat	38-2873-B,150-381-B,185-2887-B,188-1131-B,222-2394-B,240-931-B,241-3262-B
rozpravka	84-87-B,150-521-B,230-3032-B
rozpravkovy	70-2867-B,84-39-B
rozprestierat	225-154-B
rozprestierat sa	225-176-B
rozprestriet	256-2706-B
rozptyl	64-3569-B,67-2532-B,68-577-B,202-1379-B,225-201-B,261-1887-B
rozptylenie	68-2029-B,68-3604-B
rozptyleny	64-3527-B,202-1571-B
rozptylit	67-2381-B,67-2490-B,68-1987-B,68-3733-B,192-1814-B,202-1417-B,231-367-B
rozptylovat	202-1395-B
rozpustadlo	68-902-B,221-648-B
rozpustanie	68-771-B,221-513-B
rozpustenie	192-1502-B,221-492-B
rozpustily	216-2077-B
rozpustit	28-3323-B,66-698-B,67-1543-B,68-864-B,140-2995-B,192-1834-B
rozpustny	61-2011-B,221-454-B
rozputat	257-1132-B
rozrezat	56-1455-B,213-1710-B,217-299-B,218-488-B,224-902-B
rozrezavat	217-2191-B
rozriedenie	65-964-B
rozriesenie	192-1525-B
rozriesit	192-1853-B,221-591-B,258-1873-B
rozruch	91-2823-B,153-690-B,207-3000-B,229-3144-B,252-2568-B,253-94-B
rozrusenie	91-2357-B
rozruseny	259-1684-B
rozrusit	9-1484-B,66-1805-B,68-2189-B,122-2397-B,229-3157-B,258-178-B,259-1702-B
rozsah	15-2856-B,30-2294-B,82-2138-B,97-1181-B,127-1000-B,139-2837-B,182-1336-B,187-1863-B,201-3099-B,203-1347-B,216-25-B,222-1508-B,223-1603-B,225-233-B,232-428-B,265-2150-B
rozsekat	143-418-B
rozsiahly	82-2040-B,126-2341-B,261-3054-B,265-2219-B
rozsievac	206-1395-B
rozsievat	202-1437-B
rozsirenie	64-3587-B,77-749-B,77-1255-B,81-2128-B,82-1936-B
rozsireny	19-340-B,29-3304-B,65-728-B,77-727-B,81-1961-B,82-1831-B,174-3830-B,270-1816-B,270-1874-B,270-1895-B
rozsirit	12-262-B,19-214-B,77-1175-B,81-1923-B,82-1755-B,224-105-B,232-464-B,270-1856-B
rozsirit sa	65-706-B
rozsirovanie	225-322-B
rozsirovat	64-3548-B,82-1735-B,166-2379-B,176-2500-B,181-1109-B,225-343-B
rozskrabat	203-2797-B
rozstepeny	41-2538-B,68-3256-B,89-1409-B,203-889-B,224-970-B
rozstiepenie	89-1430-B,203-911-B,224-989-B
rozstiepeny	42-1893-B,224-1009-B
rozstiepit	41-2580-B,89-1452-B
rozstrapatit	248-2594-B
rozstrihat	213-1726-B
rozstup	222-1209-B
rozstvrtit	180-1431-B
rozsudok	7-1738-B,88-1408-B,123-649-B,123-752-B,208-212-B,262-2043-B
rozsvietit	130-288-B,179-2751-B
roztahovanie	81-1983-B
roztahovat	225-363-B
roztapat	140-3041-B
roztavit	140-3011-B,140-3122-B,219-676-B
roztiahnut	82-1716-B,224-87-B,225-247-B
roztiahnutie	65-682-B,81-2105-B,82-1913-B,232-443-B
roztocit	194-1210-B,197-1849-B,223-2178-B,271-82-B
roztok	65-985-B,221-537-B
roztomily	11-2683-B,38-2337-B,238-967-B
roztopasnik	265-2396-B
roztopasny	266-3145-B
roztopit	140-3026-B,243-3168-B
roztrhat	125-2904-B,136-2962-B,201-1130-B,213-1744-B
roztrhnut	68-69-B,196-862-B,218-503-B,224-936-B,241-1465-B,241-1679-B
roztrhnutie	196-846-B,224-918-B
roztriedit	17-2337-B,221-2578-B
roztriedovat	221-2595-B
roztrieskat	211-569-B
roztrusit	67-2511-B,202-1456-B,225-266-B,231-388-B,232-672-B
roztrzitost	3-1940-B,3-3316-B,3-3415-B
roztrzity	3-1895-B,3-1914-B,3-3217-B,202-1502-B
roztrzka	190-327-B,198-2922-B,224-954-B
roztuzeny	133-1871-B,271-1609-B
roztvorit	159-60-B
rozum	28-1387-B,107-1205-B,118-2001-B,143-647-B,184-1182-B,200-2379-S,207-3189-B,255-3465-B,271-1678-B
rozumiem	197-210-B
rozumiet	15-179-B,36-2304-B,64-3661-B,92-1260-B,135-2861-B,183-2757-B,201-2140-B,206-973-B,255-3152-B
rozumne	184-1385-B,207-3707-B
rozumnost	123-1094-B,200-2340-B,207-3683-B
rozumny	123-989-B,145-1026-B,178-350-B,183-762-B,184-1283-B,200-1875-B,207-3605-B,221-3127-B,244-2471-B,255-3485-B
rozumovy	118-1952-B
rozuzlit	258-1891-B
rozvadzac	104-1569-B
rozvaha	61-1110-B,66-3160-B
rozvaznost	33-3008-B,61-1037-B,61-1131-B,200-2358-B
rozvazny	61-905-B,123-1008-B,178-367-B,207-705-B,220-1418-B,226-1914-B
rozvedeny	69-491-B
rozveselit	39-503-B,39-2568-B,81-1207-B
rozvetvenie	93-2361-B
rozvetvovat sa	93-2378-B,182-723-B
rozviazat	133-128-B,254-3217-B,254-3434-B,256-368-B,258-1674-B,258-1907-B
rozviedka	118-2047-B
rozviest	64-577-B,69-437-B,74-1015-B,81-1906-B,121-175-B
rozviest sa	69-455-B
rozvijanie	64-862-B,80-91-B
rozvijat	64-614-B,80-188-B
rozvinut	64-595-B,225-285-B,255-1655-B,256-2727-B
rozvinut sa	257-3867-B
rozvinutie	64-820-B
rozvinuty	64-724-B
rozvirit	181-2946-B
rozvlacny	128-3232-B,132-2562-B,262-1914-B,272-1390-B
rozvod	69-476-B,208-1611-B
rozvodka	6-2746-B
rozvoj	64-843-B
rozvor	269-2003-B,269-2021-B
rozvratit	67-1906-B,68-89-B
rozvratny	234-3349-B
rozvrh	202-2636-B
rozvrh hodin	246-2343-B
rozvrhnut	10-2385-B,14-3307-B,127-2491-B,225-303-B
rozvrstvenie	127-2624-B,231-2489-B
rozzeraveny	145-2918-B,186-0-B
rozzureny	77-1865-B,96-1269-B,116-2811-B,131-2440-B,212-1164-B
rozzurit	77-1847-B,116-2790-B
rub	20-861-B,194-2152-B
rubanisko	100-53-B
rubat	86-1326-B,108-2481-B
rubin	198-967-B
rubrika	205-2873-B
rucenie	104-346-B,104-519-B,129-1660-B,170-2765-B
ruch	31-1708-B
rucho	105-27-B,181-2636-B,196-2553-B
rucicka	105-2193-B,115-2777-B,151-876-B,171-1695-B
rucit	104-385-B,255-3776-B,267-1486-B
rucitel	104-365-B,104-481-B,206-17-B,237-593-B,265-3035-B
rucne	137-974-B
rucnik	211-795-B
rucny	105-2208-B,105-2435-B,105-2627-B,105-2692-B,129-1376-B,137-943-B
ruda	160-1090-B
ruhanie	25-2456-B
ruhat sa	25-2435-B
ruina	2-73-B,198-1378-B
ruja	199-255-B,199-415-B
ruka	15-3543-B,105-2170-B
rukav	15-3552-B,217-1680-B
rukavica	98-612-B,100-1905-B
rukavnik	148-1743-B
rukojemnik	110-2840-B
rukopis	105-2180-B,105-3383-B,137-1224-B,204-562-B,273-1950-B
rukovat	105-437-B,105-3012-B,137-926-B,210-958-B
ruksak	125-625-B
ruky	16-83-B,105-3280-B
rula	100-2708-B
rum	198-1734-B
rumelka	40-1225-B
rumenec	91-2508-B
rumunsko	1-2499-B,1-2516-B
runa	198-2533-B
runo	90-1937-B
runovy	198-2585-B
rura	47-3441-B,71-2535-B,71-2955-B,85-1392-B,92-2070-B,98-689-B,133-2624-B,146-3350-B,152-2373-B,152-2857-B,152-2970-B,153-529-B,155-477-B,162-205-B,169-2405-B,252-1919-B
rurka	252-1930-B
rusalka	155-1417-B
rusen	77-157-B,132-1063-B
rusenie	68-2899-B,118-3752-B,168-1310-B,264-1053-B
rusil	2-1845-B
rusit	2-1653-B,33-1996-B,68-2785-B,118-3669-B,119-1045-B,119-3088-B,168-1273-B,251-3152-B,264-874-B
rusivy	225-1599-B
rusko	199-110-B
rusky	1-2534-B
rusny	31-1735-B,79-3042-B,131-2268-B,230-0-B
rustina	199-123-B
rutina	198-446-B,199-264-B
rutit sa	57-2071-B
ruvacka	203-2412-B,204-498-B,204-1628-B
ruz	131-288-B,197-2089-B
ruza	197-1507-B,197-1545-B
ruzenec	38-1156-B,197-1479-B
ruzica	197-1518-B
ruzovkasty	169-2112-B
ruzovy	169-2079-B,197-1531-B,197-1623-B
ryba	89-1197-B
rybar	89-1223-B,89-1237-B
rybarstvo	12-2748-B,89-1254-B,89-1273-B
rybi	89-1338-B
rybnik	126-458-B
rychlik	82-1062-B,85-836-B
rychlo	14-29-B,18-55-B,31-2602-B,40-187-B,85-786-B,130-1037-B,180-2310-B,180-2451-B,182-2129-B,223-830-B,238-1450-B,238-1496-B
rychlobeh	162-973-B
rychlomer	223-847-B,239-1840-B
rychlopis	213-18-B
rychlost	37-923-B,81-2465-B,163-206-B,180-2467-B,182-2109-B,182-2145-B,183-56-B,223-740-B,242-799-B,262-518-B
rychly	81-2633-B,82-1079-B,85-799-B,152-2344-B,180-2324-B,182-2082-B,184-70-B,199-73-B,218-3068-B,223-902-B,238-1464-B
rydlo	233-2196-B,233-2444-B
rydzi	98-3279-B,150-1636-B,179-107-B,184-296-B,215-1246-B,229-272-B,254-1941-B
rydzost	98-3351-B
ryha	52-1714-B,91-2762-B,96-1594-B,97-1629-B,103-2057-B,203-1595-B,203-2818-B,218-1275-B
ryhovany	33-1704-B,218-1431-B
ryhovat	142-3166-B
ryl	222-1337-B
rym	195-442-B
rymovat	195-453-B
rypadlo	65-262-B,80-1423-B
rypak	153-2993-B,220-176-B
rypavy	34-2017-B
rys	38-1346-B,85-3120-B
rysovat	70-1392-B,70-2193-B
ryt	64-3675-B,143-979-B,155-1377-B,197-1388-B
rytec	77-522-B
rytectvo	77-537-B
rytier	125-907-B,163-2278-B
rytierskost	39-2704-B
rytiersky	39-2658-B,125-943-B
rytierstvo	39-2726-B,125-921-B
rytiery	125-962-B
rytina	77-556-B
rytmicky	32-827-B,195-483-B
rytmus	32-798-B,139-2852-B,148-786-B,195-469-B
ryza	195-629-B
s	11-49-B,70-619-B,157-1537-B,199-500-B,271-1880-B
sa	2-1014-S,2-1275-S,2-2731-S,2-3429-S,3-2914-S,5-981-S,5-3484-S,7-3099-S,9-1844-S,10-3139-S,11-62-B,11-466-S,12-541-S,14-314-S,14-613-S,14-667-S,14-1456-S,14-1476-S,14-1493-S,14-2924-S,15-423-S,15-2985-S,15-3020-S,16-3024-S,16-3039-S,16-3056-S,17-2625-S,18-1894-S,18-1932-S,19-2391-S,19-2781-S,19-2799-S,19-3024-S,19-3104-S,21-959-S,21-2197-S,22-387-S,22-844-S,23-580-S,23-1199-S,23-1471-S,23-1891-S,23-1945-S,23-2433-S,24-1428-S,25-2435-S,26-2140-S,26-2157-S,26-2179-S,26-2538-S,26-2572-S,26-3052-S,27-2118-S,28-525-S,28-1149-S,28-1309-S,28-2849-S,28-3022-S,30-582-S,32-427-S,32-484-S,33-769-S,34-2414-S,35-117-S,35-184-S,35-740-S,35-1479-S,36-2567-S,37-232-S,37-443-S,39-3134-S,43-2042-S,43-2857-S,44-71-S,44-1779-S,45-822-S,45-1661-S,46-415-S,46-459-S,47-333-S,47-835-S,47-3794-S,47-3941-S,47-3961-S,49-826-S,49-1351-S,49-3814-S,49-3853-S,51-494-S,52-1094-S,53-2181-S,54-495-S,54-513-S,54-1776-S,54-1827-S,57-1530-S,57-2071-S,57-2912-S,58-2319-S,58-2349-S,58-3214-S,60-1293-S,61-3069-S,64-2721-S,65-706-S,66-1512-S,66-1576-S,67-771-S,67-1981-S,67-3337-S,67-3791-S,68-263-S,68-840-S,68-3152-S,68-3311-S,68-3328-S,68-3781-S,69-455-S,69-1473-S,69-1490-S,69-2173-S,70-631-B,70-3016-S,71-53-S,71-2466-S,72-1361-S,75-217-S,75-430-S,75-1550-S,75-1939-S,75-1958-S,76-1262-S,76-1286-S,76-2192-S,76-3564-S,77-969-S,77-2131-S,77-2897-S,78-367-S,78-2975-S,78-3411-S,79-2023-S,79-2341-S,79-2669-S,80-242-S,83-1938-S,83-2124-S,84-752-S,85-759-S,85-2586-S,85-2623-S,86-691-S,87-754-S,89-1576-S,90-1837-S,91-159-S,91-460-S,91-1253-S,91-1316-S,91-1509-S,91-1629-S,91-2696-S,91-2804-S,92-225-S,92-1184-S,93-2279-S,93-2378-S,94-1952-S,95-1940-B,96-388-S,96-2547-S,97-1300-S,98-102-S,99-668-S,99-1777-S,99-2932-S,99-3040-S,100-1006-S,100-1026-S,100-1065-S,100-1085-S,100-1106-S,100-1137-S,100-2994-S,100-3171-S,102-3236-S,103-2871-S,103-2889-S,105-1833-S,106-177-S,106-239-S,106-629-S,106-649-S,106-666-S,106-3167-S,106-3207-S,106-3315-S,108-2224-B,108-2355-S,108-2739-S,109-521-B,111-407-S,111-2716-S,111-2891-S,111-3214-S,113-1054-S,113-1074-S,113-1159-S,114-1038-S,115-4128-S,117-996-S,118-2883-S,120-1014-S,121-2369-S,122-1364-S,122-1395-S,122-2379-S,122-2569-S,125-2631-S,127-1221-S,128-606-S,128-641-S,128-830-S,128-865-S,128-883-S,130-1353-S,131-1404-S,131-3063-S,132-1993-S,132-2792-S,132-2864-S,132-2881-S,136-1817-S,138-191-S,138-207-S,139-1946-S,140-358-S,140-1641-S,140-1657-S,140-1703-S,140-1752-S,140-1788-S,140-1808-S,140-1936-S,140-1989-S,140-2975-S,141-1929-S,141-2782-S,141-3473-S,142-2313-S,144-87-S,144-842-S,144-1646-S,144-2486-S,144-2518-S,145-402-S,145-421-S,148-372-S,148-604-S,148-628-S,148-2588-S,150-2174-S,155-1969-S,156-2712-S,156-2734-S,157-68-S,157-1543-B,158-2330-B,162-1014-S,162-1838-S,162-3161-S,164-33-S,165-396-S,165-799-S,166-831-S,167-1041-S,167-3510-S,168-925-S,168-1139-S,170-1749-S,170-2509-S,170-2543-S,170-2811-S,173-1656-S,174-3270-S,178-62-S,179-1622-S,180-322-S,180-339-S,180-1185-S,180-1219-S,180-2731-S,180-3101-S,180-3252-S,180-3299-S,182-723-S,183-2262-S,184-1953-S,184-2678-S,185-975-S,185-1856-S,185-3108-S,185-3174-S,185-3780-S,185-3799-S,186-2600-S,187-643-S,187-1195-S,187-1348-S,188-977-S,188-1168-S,188-1949-S,189-352-S,190-58-S,190-1884-S,191-3283-S,191-3304-S,192-980-S,192-1050-S,192-1629-S,192-1771-S,192-2049-S,193-3348-S,193-3385-S,194-1009-S,194-1424-S,194-2392-S,194-3455-S,195-70-S,196-1040-S,196-1070-S,196-1129-S,196-1239-S,196-1318-S,196-1349-S,196-1425-S,196-2119-S,196-2903-S,197-348-S,197-421-S,197-569-S,197-626-S,197-1717-S,197-1882-S,198-529-S,198-558-S,198-2112-S,199-0-S,199-14-S,199-1296-S,199-2318-S,203-741-S,205-887-S,206-914-S,206-1667-S,206-1711-S,206-2696-S,208-1196-S,209-717-S,209-808-S,209-1302-S,209-1471-S,209-1575-S,209-1598-S,210-1154-S,210-1241-S,210-1258-S,210-2843-S,211-658-S,211-1330-S,212-1074-S,212-1224-S,212-1242-S,212-1290-S,213-2692-S,214-41-S,214-826-S,214-1568-S,214-1879-S,215-466-S,215-2259-S,215-2738-S,216-216-S,216-855-S,216-2098-S,217-980-S,217-1041-S,217-2483-S,218-238-S,218-546-S,219-63-S,219-720-S,219-737-S,220-1345-S,220-2886-S,222-2280-S,223-719-S,223-2236-S,225-176-S,226-341-S,226-1685-S,226-1706-S,230-1666-S,231-1228-S,232-2829-S,232-3419-S,233-105-S,233-995-S,233-1403-S,234-270-S,234-1321-S,234-3441-S,234-4037-S,235-18-S,235-1103-S,235-3129-S,236-3524-S,237-924-S,237-1678-S,238-120-S,238-173-S,238-326-S,238-342-S,238-492-S,238-508-S,238-1207-S,238-1361-S,238-1965-S,238-2015-S,239-2198-S,239-3035-S,240-1681-S,241-445-S,241-465-S,243-72-S,244-136-B,244-2107-S,244-2156-S,245-2034-S,245-2071-S,247-1324-S,248-431-S,248-1729-S,248-1760-S,248-2858-S,249-12-S,249-1967-S,250-1003-S,250-1814-S,250-3468-S,250-3487-S,251-1872-S,252-271-S,252-1531-S,253-228-S,253-2291-S,253-2431-S,255-3813-S,255-3836-S,256-706-S,257-401-S,257-3867-S,261-2853-S,261-2887-S,261-3318-S,262-1402-S,262-1954-S,263-1203-S,265-3242-S,266-346-S,266-1331-S,266-1443-S,266-1650-S,266-2470-S,266-2667-S,266-2704-S,267-2775-S,268-645-S,268-1639-S,268-1780-S,270-2119-S,271-1887-B,272-332-S,272-3048-S,272-3131-S,272-3171-S,273-324-S,273-1280-S,273-1882-S,274-767-S,274-931-S,274-1859-B
sa ozenit	189-920-S
sa vydat	189-946-S
sabla	199-504-B,199-616-B,238-2814-B
sablona	93-3182-B,104-1496-B,145-880-B,166-659-B,228-2921-B,242-718-B,242-781-B
sablonovity	202-2809-B
sabotaz	199-579-B
saboter	199-598-B
sabotovat	199-559-B
sach	38-3487-B,39-991-B,210-1129-B
sacharin	199-674-B
sacharoza	199-713-B,235-366-B
sachovnica	39-1032-B
sachovy	39-1003-B
sachta	210-1011-B,269-192-B
sachy	39-1019-B
sad	97-1967-B
sadenica	206-1363-B
sadista	199-1383-B
sadisticky	199-1398-B
sadlo	102-3357-B
sadnut si	215-2754-B,215-2795-B
sadra	104-3066-B,170-1319-B
sadza	34-2931-B,219-2037-B,221-1798-B
sadzac	46-2343-B,209-1137-B,254-56-B
sadzat	209-397-B
sadzba	183-72-B,240-2853-B,253-3217-B,254-75-B
sadzobnik	183-158-B,183-179-B,240-2867-B
safran	54-2923-B,54-2938-B,199-1902-B,199-1918-B
saga	199-2028-B
sakal	121-747-B
sako	121-956-B
sakristia	199-1131-B,263-439-B
sal	148-1907-B,202-1117-B,211-810-B,273-472-B
sala	21-533-B,53-1211-B,105-1517-B,200-241-B,235-217-B,243-3543-B
salama	199-2936-B,201-851-B
salas	37-3302-B
salat	100-1996-B,129-1074-B,199-2922-B
salba	61-2652-B
saldo	20-2915-B
saldovat	20-2929-B
saliet	183-1295-B
salka	55-3056-B
salon	133-1317-B,165-52-B,200-156-B,200-214-B,227-3413-B
salto	90-3117-B,252-2386-B
salutovat	200-774-B
salva	197-2795-B,200-792-B,200-1043-B,265-1942-B
salvia	199-2206-B,200-1028-B
sam	10-3464-B,109-545-B,158-2367-B,206-3250-B,215-1762-B,274-1911-B
samci	136-0-B
samec	30-1113-B,135-3700-B,247-2298-B
samica	53-2081-B,86-1950-B,138-2883-B
samocinny	19-1635-B
samohlaska	265-981-B,265-3156-B
samohybny	132-1082-B
samolubost	46-316-B,46-366-B,74-473-B,219-1999-B,261-1148-B
samoluby	162-3226-B,207-1074-B,219-1887-B,260-3105-B
samoobsluha	207-1136-B,236-1418-B
samopal	134-1994-B,234-0-B
samopasnost	266-628-B
samopasny	266-3165-B
samosprava	19-1907-B,207-500-B
samospravny	19-1839-B,207-472-B
samostatne	19-1863-B,192-3048-B,208-1348-B,215-1737-B,215-1870-B,221-403-B
