rummage about	248-4239-B,248-4270-B
rumor	248-4297-B,248-4314-B,248-4329-B
rumour	248-4346-B,248-4364-B,248-4380-B
rump	248-4398-B
rumple	248-4414-B
rumpus	248-4464-B,248-4482-B,248-4500-B,248-4524-B
run	248-4538-B,248-4549-B,249-0-B,249-17-B,249-32-B,249-53-B,249-80-B,249-93-B,249-120-B,249-139-B,249-158-B,249-177-B,249-194-B,249-217-B,249-240-B,249-261-B,249-284-B,249-305-B,249-334-B,249-359-B,249-372-B,249-397-B,249-420-B,249-441-B,249-464-B,249-483-B,249-496-B,249-511-B,249-528-B,249-551-B,249-578-B,249-613-B,249-624-B,266-845-S
run aground	249-641-B
run away	249-678-B,249-702-B
run down	249-726-B,249-752-B,249-786-B,249-1164-B,249-1192-B
run in	249-810-B,249-834-B,249-1226-B,249-1244-B
run off	249-862-B,249-891-B,249-914-B,249-939-B
run out	249-962-B,249-987-B,249-1012-B,249-1037-B
run over	249-1064-B
run through	249-1090-B,249-1125-B
run up	249-1266-B,249-1282-B,249-1302-B,249-1322-B
runaway	249-1336-B
rune	249-1357-B
rung	249-1371-B
runlet	249-1391-B,249-1411-B
runnel	249-1433-B,249-1453-B,249-1471-B
runner	249-1493-B,249-1511-B,249-1533-B,249-1551-B,249-1573-B,249-1593-B,249-1613-B,249-1631-B,249-1657-B,249-1685-B,249-1703-B
running	249-1721-B,249-1736-B,249-1753-B,249-1776-B,249-1799-B,249-1822-B,249-1847-B,249-1878-B,249-1899-B,249-1922-B,249-1937-B
runny	249-1970-B,249-1989-B,249-2016-B
runt	249-2037-B
runway	249-2055-B
rupture	249-2077-B,249-2096-B,249-2119-B,249-2144-B,249-2165-B
rural	249-2186-B,249-2215-B
ruse	249-2238-B,249-2256-B,249-2280-B
rush	249-2302-B,249-2326-B,249-2346-B,249-2362-B,249-2380-B,249-2400-B,249-2418-B,249-2442-B,249-2460-B,249-2478-B,249-2494-B,249-2516-B,249-2542-B,249-2572-B
rusk	249-2596-B
russian	2-1893-B,2-1916-B,2-1939-B,249-2614-B
rust	249-2637-B,249-2657-B
rustic	249-2679-B,249-2709-B,249-2737-B,249-2761-B
rustle	249-2798-B,249-2818-B,249-2840-B,249-2860-B,249-2886-B,249-2910-B
rustless	249-2932-B
rustling	249-2964-B
rustproof	249-2986-B
rusty	249-3019-B,249-3050-B
rut	249-3069-B
ruth	249-3084-B,249-3104-B,249-3130-B
ruthless	249-3158-B,249-3192-B,249-3224-B
ruthlessly	249-3250-B
ruthlessness	249-3284-B
rye	249-3324-B
s	328-1257-S
s n	34-506-S
s nose	33-3363-S
sabbath	249-3337-B
saber	249-3368-B,249-3385-B
sable	249-3402-B
sabot	249-3421-B
sabotage	249-3461-B,249-3497-B,249-3523-B,249-3578-B,249-3602-B
saboteur	249-3636-B,249-3664-B
sabre	249-3694-B,249-3711-B
sac	69-4119-S,249-3728-B,249-3743-B
saccharification	249-3758-B
saccharin	249-3800-B
saccharine	249-3825-B,249-3855-B,249-3881-B
sack	249-3909-B,249-3929-B,249-3961-B,249-3975-B,249-3991-B
sackcloth	249-4015-B,249-4038-B
sackful	249-4067-B
sacking	249-4086-B,249-4107-B,249-4134-B
sacral	249-4163-B
sacrament	249-4191-B,249-4220-B
sacred	249-4247-B,249-4271-B,249-4291-B
sacredness	249-4317-B
sacrifice	249-4345-B,249-4368-B,249-4399-B,249-4442-B
sacrificial	249-4484-B
sacrificing	257-1055-S
sacrilege	249-4517-B,249-4546-B
sacrilegious	249-4581-B,249-4621-B
sacristy	249-4667-B
sacrosanct	249-4691-B,249-4735-B
sad	249-4765-B,249-4786-B,249-4807-B,250-0-B,250-27-B
sadden	250-46-B
saddened	250-70-B,250-100-B
saddle	250-132-B,250-156-B,250-178-B,250-200-B,250-218-B,250-244-B
sadism	250-266-B
sadist	250-286-B
sadistic	250-306-B
sadly	250-336-B
sadness	250-357-B,250-378-B,250-399-B,250-420-B,250-439-B
safe	250-460-B,250-486-B,250-504-B,250-526-B,250-552-B,250-576-B,250-613-B,250-647-B,250-673-B
safeblower	250-687-B
safebreaker	250-728-B
safecracker	250-770-B
safeguard	250-812-B,250-849-B,250-876-B,250-903-B,250-926-B,250-955-B,250-982-B
safeguarding	250-1017-B
safekeeping	250-1047-B
safely	250-1080-B
safeness	250-1106-B
safety	250-1140-B,250-1172-B
sag	250-1200-B,250-1221-B,250-1238-B,250-1259-B,250-1278-B,250-1303-B,250-1320-B,250-1345-B,250-1362-B,250-1385-B,250-1402-B,250-1421-B,250-1440-B
saga	250-1472-B
sagacious	250-1494-B,250-1531-B,250-1570-B,250-1601-B,250-1640-B,250-1667-B,250-1708-B,250-1735-B
sagacity	250-1756-B,250-1798-B
sage	250-1842-B,250-1860-B,250-1878-B
sagely	250-1896-B
sagittarius	250-1914-B
sail	250-1941-B,250-1965-B,250-1981-B,250-2014-B,250-2042-B
sailboat	250-2066-B,250-2105-B
sailcloth	250-2142-B
sailing	250-2169-B,250-2205-B
sailor	250-2254-B,250-2274-B
sailplane	250-2292-B
saint	250-2315-B,250-2334-B
sainted	250-2359-B
sainthood	250-2380-B
saintlike	250-2407-B,250-2436-B
saintliness	250-2459-B,250-2494-B
saintly	250-2523-B,250-2550-B
sal	250-2571-B
salable	250-2584-B
salacious	250-2605-B,250-2640-B,250-2671-B
salaciousness	250-2710-B
salacity	250-2753-B,250-2791-B,250-2825-B
salad	250-2861-B
salamander	250-2878-B
salami	250-2910-B
salary	250-2930-B,250-2956-B,250-2982-B,250-3006-B
sale	250-3024-B,250-3044-B,250-3070-B,250-3096-B
saleable	250-3110-B
sales	250-3132-B,250-3153-B
salesclerk	250-3168-B,250-3196-B
salesgirl	250-3228-B
saleslady	250-3259-B
salesman	250-3290-B,250-3322-B
saleswoman	250-3348-B
salient	250-3380-B,250-3445-B,250-3474-B,250-3495-B,250-3526-B
saline	250-3551-B
saliva	250-3573-B
sallow	250-3591-B
sally	250-3619-B,250-3640-B,250-3661-B
salmon	250-3692-B
salon	250-3712-B
saloon	250-3729-B,250-3743-B,250-3757-B,250-3777-B
salt	250-3795-B,250-3821-B,250-3847-B,250-3869-B,250-3904-B,250-3924-B,250-3942-B
saltation	250-3956-B,250-3979-B
saltatory	250-4002-B
saltcellar	250-4041-B
salted	250-4067-B,250-4095-B
saltpeter	250-4117-B
saltpetre	250-4142-B
salty	250-4167-B
salubrious	250-4188-B
salutary	250-4216-B,250-4250-B,250-4276-B,250-4302-B
salutation	250-4334-B
salute	250-4368-B,250-4398-B,250-4433-B,250-4466-B,250-4496-B,250-4532-B,250-4550-B
salvage	250-4578-B,250-4607-B,250-4660-B,250-4685-B,250-4708-B
salvation	250-4733-B,250-4764-B,250-4791-B
salve	250-4818-B,250-4839-B,250-4864-B,250-4879-B,250-4904-B,250-4925-B
salver	250-4954-B
salvia	250-4974-B
salvo	250-4994-B
same	11-4001-S,250-5009-B,250-5035-B
sameness	250-5052-B,250-5084-B,250-5110-B,250-5150-B
sample	250-5178-B,250-5200-B,250-5228-B,250-5248-B,251-0-B,251-20-B,251-38-B
sampler	251-64-B
sampling	251-99-B
sanative	251-119-B
sanatorium	251-145-B
sanctification	251-175-B,251-213-B
sanctify	251-247-B,251-273-B,251-301-B
sanctimonious	251-341-B,251-376-B
sanctimony	251-409-B
sanction	251-439-B,251-467-B,251-493-B,251-523-B,251-551-B,251-581-B,251-621-B,251-645-B
sanctity	251-677-B,251-723-B,251-749-B
sanctuary	251-773-B,251-802-B,251-831-B
sand	251-856-B
sandal	251-872-B
sandbag	251-896-B
sandbank	251-931-B,251-953-B
sandpaper	251-992-B,251-1034-B
sandstone	251-1057-B
sandwich	251-1084-B,251-1112-B
sandy	251-1136-B,251-1159-B,251-1182-B
sane	251-1207-B,251-1241-B,251-1261-B,251-1283-B
sangfroid	251-1299-B
sanguinary	251-1334-B,251-1362-B,251-1396-B
sanguine	251-1436-B
sanitarian	251-1476-B
sanitarium	251-1508-B
sanitary	251-1538-B,251-1574-B,251-1606-B
sanitation	251-1636-B,251-1672-B
sanity	251-1698-B,251-1730-B
sap	251-1762-B,251-1777-B,251-1798-B,251-1823-B,251-1836-B,251-1859-B,251-1886-B,251-1903-B,251-1926-B,251-1953-B,251-1972-B,251-1985-B
saphead	251-1996-B,251-2015-B
sapidity	251-2032-B,251-2050-B
sapience	251-2068-B
sapient	251-2094-B
sapper	251-2115-B
sapphire	251-2133-B
sappiness	251-2155-B
sappy	251-2182-B
sapwood	251-2201-B
sarcasm	251-2226-B
sarcastic	251-2249-B
sarcophagus	251-2288-B
sardine	251-2317-B,251-2340-B
sardonic	251-2365-B
sartor	251-2401-B
sash	251-2423-B,251-2439-B,251-2453-B
sassy	251-2467-B,251-2488-B,251-2513-B
sat	2-1971-B
satan	2-1990-B,2-2009-B,251-2538-B
satanic	251-2557-B
satchel	251-2588-B
sate	251-2607-B,251-2629-B
sated	251-2653-B
sateen	251-2680-B
satellite	251-2698-B,251-2725-B
satiate	251-2750-B,251-2775-B
satiated	251-2802-B
satiation	251-2832-B,251-2861-B
satiety	251-2892-B,251-2919-B,251-2948-B
satin	251-2971-B
satiny	251-2988-B
satire	251-3018-B,251-3038-B,251-3062-B
satiric	251-3082-B
satirical	251-3115-B,251-3148-B
satirize	251-3183-B
satisfaction	251-3213-B,251-3249-B
satisfactory	251-3291-B,251-3327-B,251-3361-B
satisfied	251-3411-B,251-3440-B,257-1103-S
satisfy	251-3481-B,251-3508-B,251-3535-B,251-3560-B,251-3585-B,251-3620-B,251-3655-B
satisfying	251-3678-B,251-3702-B
saturate	251-3750-B,251-3776-B
saturated	251-3808-B,251-3839-B
saturation	251-3878-B,251-3908-B
saturday	2-2028-B,251-3944-B
saturnine	251-3968-B,251-3993-B,251-4022-B
satyr	251-4047-B,251-4072-B
sauce	251-4089-B,251-4112-B,251-4135-B,251-4158-B,251-4173-B
saucepan	251-4196-B
saucer	251-4222-B
saucily	251-4242-B
sauciness	251-4263-B
saucy	251-4290-B,251-4309-B,251-4336-B,251-4357-B,251-4376-B,251-4395-B
sauerkraut	251-4420-B
sauna	251-4459-B
saunter	251-4476-B,251-4499-B,251-4524-B
sausage	251-4555-B,251-4578-B
savage	251-4601-B,251-4631-B,251-4651-B,251-4669-B,251-4693-B,251-4723-B,251-4753-B
savagely	251-4777-B
savageness	251-4795-B,251-4821-B
savageries	251-4853-B
savagery	251-4879-B,251-4903-B,251-4933-B
savanna	251-4963-B
savannah	251-4986-B
savant	251-5010-B
save	251-5030-B,251-5048-B,251-5070-B,251-5096-B,251-5120-B,251-5175-B,251-5193-B,251-5209-B,251-5237-B,251-5255-B,251-5279-B,252-0-B,252-20-B
save up	252-44-B
saving	252-65-B,252-93-B,252-121-B,252-149-B,252-173-B,252-197-B,252-221-B
savings	252-247-B,252-276-B
savior	252-305-B,252-333-B
savor	252-359-B,252-378-B,252-393-B,252-429-B,252-460-B,252-483-B
savory	252-508-B,252-536-B,252-558-B,252-578-B,252-604-B,252-642-B,252-666-B
savour	252-686-B,252-706-B,252-722-B,252-759-B,252-791-B,252-815-B
savoury	252-841-B,252-870-B,252-893-B,252-914-B,252-941-B,252-980-B,252-1005-B
savvy	252-1026-B,252-1051-B
saw	252-1078-B,252-1091-B,252-1108-B
sawbones	252-1131-B
sawmill	252-1153-B
sax	252-1180-B
saxifrage	252-1201-B
saxon	1-424-S,1-455-S,2-2052-B,2-2067-B,2-2090-B,14-2993-S,252-1232-B,252-1255-B
saxophone	252-1282-B
saxophonist	252-1309-B
say	252-1344-B,252-1361-B,252-1382-B,252-1403-B,252-1424-B,252-1443-B,252-1470-B,252-1497-B,252-1522-B,252-1541-B
scab	252-1566-B,252-1586-B,252-1602-B,252-1622-B
scabbard	252-1652-B
scabby	252-1672-B,252-1694-B,252-1718-B,252-1755-B
scabies	252-1781-B
scabious	252-1804-B
scabrous	252-1834-B,252-1864-B,252-1894-B
scaffold	252-1924-B,252-1942-B,252-1970-B
scaffolding	252-1992-B
scalar	252-2023-B
scalawag	252-2043-B
scald	252-2069-B,252-2096-B,252-2119-B,252-2134-B
scalding	252-2161-B
scale	164-1546-S,164-1573-S,164-1600-S,164-1645-S,164-1672-S,164-1701-S,252-2183-B,252-2202-B,252-2229-B,252-2256-B,252-2273-B,252-2296-B,252-2317-B,252-2336-B,252-2357-B,252-2386-B,252-2405-B,252-2447-B,252-2468-B,252-2485-B,252-2504-B,252-2531-B,268-3958-S,268-3989-S
scale down	252-2548-B
scaled	252-2578-B
scales	252-2606-B
scallop	252-2622-B
scallywag	252-2647-B
scalp	252-2674-B,252-2693-B
scalpel	252-2726-B
scaly	252-2753-B
scamp	252-2780-B
scan	252-2801-B,252-2831-B
scandal	252-2863-B,252-2886-B
scandalize	252-2909-B,252-2939-B
scandalized	252-2971-B
scandalous	252-3006-B,252-3046-B,252-3074-B,252-3104-B
scandinavia	2-2117-B
scandinavian	2-2152-B,252-3138-B
scanner	252-3178-B
scant	252-3199-B,252-3232-B,252-3263-B,252-3284-B
scantiness	252-3303-B
scanty	252-3331-B,252-3355-B,252-3389-B,252-3421-B,252-3443-B
scapegoat	252-3463-B
scapegrace	252-3503-B,252-3535-B
scapula	252-3561-B
scapular	252-3584-B
scar	252-3616-B,252-3632-B
scarce	252-3646-B,252-3667-B,252-3695-B,252-3711-B,252-3732-B,252-3752-B,252-3797-B,252-3819-B
scarcely	252-3852-B,252-3875-B,252-3893-B,252-3916-B,252-3932-B,252-3954-B,252-3989-B
scarceness	252-4007-B
scarcities	252-4033-B
scarcity	252-4059-B,252-4083-B,252-4113-B,252-4141-B,252-4167-B,252-4193-B
scare	252-4219-B,252-4246-B,252-4263-B,252-4286-B,252-4305-B,252-4324-B,252-4347-B
scare off	252-4372-B
scarecrow	252-4403-B,252-4426-B
scared	252-4449-B
scaremonger	252-4477-B
scarf	252-4504-B,252-4521-B
scarlatina	252-4536-B
scarlet	252-4568-B,252-4585-B,252-4610-B,252-4635-B
scarp	252-4658-B
scarum	133-3276-S,133-3314-S
scary	252-4675-B
scathing	252-4694-B,252-4714-B,252-4732-B
scatter	252-4766-B,252-4791-B,252-4822-B,252-4855-B,252-4878-B,252-4905-B,252-4932-B,252-4959-B,252-4990-B,253-0-B,253-33-B,253-60-B
scattered	253-87-B,253-116-B
scattergun	253-149-B
scattering	253-177-B
scatty	253-211-B
scavenging	253-241-B
scenario	253-267-B,253-301-B
scene	253-327-B,253-344-B,253-357-B,253-382-B,253-403-B,253-424-B,253-458-B,253-477-B,253-508-B,253-525-B,253-573-B
scenery	253-594-B,253-621-B
sceneshifter	253-642-B
scenic	253-681-B
scent	253-709-B,253-728-B,253-743-B,253-762-B,253-779-B,253-792-B,253-815-B,253-830-B,253-847-B
scepter	253-864-B
sceptic	253-887-B
sceptical	253-910-B
scepticism	253-945-B
sceptre	253-977-B
schedule	253-1000-B,253-1022-B,253-1050-B,253-1076-B,253-1096-B,253-1122-B,253-1140-B,253-1172-B,253-1200-B,253-1230-B,253-1252-B
scheduler	253-1274-B
scheduling	253-1307-B
schema	253-1343-B,253-1359-B
scheme	253-1377-B,253-1395-B,253-1417-B,253-1447-B,253-1463-B,253-1493-B,253-1519-B,253-1539-B,253-1561-B,253-1598-B,253-1631-B,253-1649-B
schemer	253-1669-B
scheming	253-1694-B
schism	253-1720-B
schismatic	253-1740-B
schist	253-1772-B,253-1792-B
schizophrenia	253-1810-B
schizophrenic	253-1845-B
schmaltz	253-1890-B
schmaltzy	253-1932-B
schnapps	253-1959-B
schnitzel	253-1979-B
schnorkel	253-2004-B
scholar	253-2074-B,253-2103-B,253-2124-B
scholarly	253-2145-B
scholarship	253-2168-B,253-2199-B,253-2228-B
scholastic	253-2257-B,253-2283-B,253-2323-B,253-2347-B
scholasticism	253-2375-B
school	253-2410-B,253-2430-B,253-2460-B,253-2488-B,253-2510-B,253-2534-B,253-2558-B,253-2574-B,253-2604-B,253-2622-B,253-2640-B
schoolbook	253-2664-B
schoolboy	253-2690-B,253-2713-B
schoolchild	253-2740-B
schoolfellow	253-2769-B,253-2807-B
schoolgirl	253-2852-B,253-2878-B
schooling	253-2908-B,253-2941-B,253-2968-B,253-2989-B,253-3012-B
schoolman	253-3033-B
schoolmarm	253-3058-B
schoolmate	253-3092-B
schooner	253-3135-B
sciatica	253-3155-B
science	253-3175-B
scientific	253-3194-B,253-3220-B
scientist	253-3244-B
scintillate	253-3267-B,253-3298-B
sciolist	253-3327-B
scion	253-3353-B,253-3374-B
scission	253-3391-B
scissors	253-3413-B
sclerosis	253-3437-B
scoff	253-3462-B,253-3487-B,253-3514-B,253-3543-B
scoffer	253-3566-B,253-3591-B
scoffing	253-3618-B,253-3642-B,253-3668-B
scold	253-3700-B,253-3721-B,253-3746-B,253-3769-B,253-3788-B
scolding	253-3811-B,253-3831-B,253-3855-B,253-3879-B,253-3909-B
sconce	253-3931-B
scoop	253-3945-B,253-3974-B,253-4001-B,253-4030-B,253-4045-B,253-4064-B,253-4085-B,253-4131-B,253-4150-B
scoot	253-4171-B,253-4190-B
scooter	253-4211-B
scope	253-4234-B,253-4257-B,253-4286-B,253-4303-B,253-4320-B,253-4341-B
scorch	253-4358-B,253-4382-B,253-4406-B,253-4430-B,253-4454-B,253-4476-B,253-4496-B
scorched	253-4530-B,253-4560-B
score	253-4588-B,253-4609-B,253-4634-B,253-4655-B,253-4680-B,253-4701-B
score out	253-4716-B
scoria	253-4749-B
scorn	253-4765-B,253-4788-B,253-4811-B,253-4836-B,253-4861-B,253-4892-B
scornful	253-4925-B,253-4957-B,253-4993-B
scorpio	253-5037-B
scorpion	253-5062-B
scot	2-2192-B,253-5088-B
scotch	2-2216-B
scotchman	2-2246-B
scotsman	2-2275-B,254-0-B
scotswoman	254-28-B
scottish	254-58-B
scoundrel	254-90-B,254-117-B,254-142-B,254-165-B
scour	254-188-B,254-203-B,254-224-B
scourge	254-245-B,254-260-B,254-285-B,254-306-B,254-333-B,254-362-B
scouring	254-381-B,254-405-B
scout	254-427-B,254-450-B,254-473-B,254-496-B,254-521-B,254-550-B
scow	254-567-B
scrabble	254-583-B,254-605-B
scrag	254-631-B
scraggy	254-644-B,254-669-B,254-696-B
scrap	254-715-B,254-738-B,254-757-B,254-774-B,254-795-B,254-808-B,254-829-B,254-854-B,254-871-B,254-888-B
scrape	36-1545-S,254-909-B,254-933-B,254-957-B,254-981-B,254-1003-B,254-1027-B
scrape away	254-1051-B
scrape up	254-1084-B
scraper	254-1113-B
scraping	254-1136-B
scrappy	254-1172-B,254-1201-B
scraps	254-1230-B
scratch	254-1252-B,254-1277-B,254-1306-B,254-1335-B,254-1370-B,254-1405-B,254-1426-B,254-1449-B,254-1472-B,254-1497-B,254-1526-B,254-1551-B
scratch out	254-1572-B,254-1605-B,254-1638-B,254-1675-B
scratch together	254-1710-B
scratch up	254-1746-B
scratchpad	254-1776-B
scrawl	254-1802-B
scrawny	254-1826-B,254-1845-B
scream	254-1872-B,254-1902-B,254-1918-B,254-1940-B,254-1960-B,254-1978-B,254-2002-B,254-2024-B,254-2042-B
screamer	254-2062-B
screaming	254-2084-B
screech	254-2111-B,254-2128-B,254-2151-B,254-2170-B,254-2189-B
screechy	254-2214-B,254-2242-B
screen	254-2270-B,254-2290-B,254-2310-B,254-2330-B,254-2354-B,254-2374-B,254-2402-B,254-2428-B,254-2456-B,254-2476-B,254-2492-B,254-2516-B,254-2534-B,254-2552-B
screening	254-2588-B
screenplay	254-2617-B
screenwriter	254-2645-B
screw	254-2677-B,254-2692-B,254-2707-B,254-2741-B,254-2771-B,254-2800-B,254-2831-B,254-2856-B,254-2879-B,254-2898-B
screw in	254-2913-B,254-2939-B
screw nut	254-3101-B
screw off	254-2969-B
screw on	254-3002-B
screw out	254-3036-B
screw up	254-3069-B
screwdriver	254-3122-B
screwy	254-3151-B,254-3183-B
scribble	254-3207-B,254-3233-B
scribbler	254-3253-B
scribe	254-3276-B
scriber	254-3296-B
scrimmage	254-3321-B,254-3342-B,254-3365-B
scrimp	254-3390-B,254-3416-B
scrimpy	254-3442-B
script	254-3465-B,254-3485-B,254-3505-B
scriptural	254-3529-B
scripture	254-3561-B
scriptwriter	254-3586-B,254-3623-B
scrofula	254-3655-B
scrofulous	254-3681-B
scroll	254-3713-B,254-3735-B,254-3757-B
scrooge	254-3777-B
scroop	254-3798-B
scrotum	254-3822-B
scrounge	254-3845-B
scrounger	254-3883-B
scrub	254-3914-B,254-3939-B,254-3960-B,254-3979-B
scrubber	254-4000-B
scrubby	254-4026-B
scruff	254-4047-B,254-4071-B
scruffy	254-4091-B,254-4114-B
scrumptious	254-4143-B,254-4180-B
scrunch	254-4221-B,254-4240-B,254-4259-B
scruple	254-4284-B
scrupulous	254-4309-B,254-4349-B,254-4383-B,254-4419-B,254-4453-B,254-4485-B
scrupulousness	254-4519-B
scrutinize	254-4563-B,254-4589-B,254-4615-B,254-4649-B
scrutiny	254-4679-B,254-4705-B,254-4739-B,254-4765-B
scud	254-4787-B,254-4807-B,254-4834-B
scuff	254-4850-B
scuffle	254-4873-B,254-4892-B
scull	254-4919-B
sculpt	254-4938-B,254-4956-B
sculptor	254-4976-B,255-0-B
sculptural	255-28-B
sculpture	255-64-B,255-87-B,255-108-B,255-135-B
scum	255-166-B,255-184-B,255-204-B
scummy	255-218-B,255-242-B
scunner	255-262-B
scupper	255-312-B
scurrilous	255-337-B,255-373-B,255-413-B
scurry	141-1992-S,255-445-B,255-467-B
scurvy	255-493-B,255-513-B,255-533-B,255-561-B
scuttle	255-579-B
scythe	255-614-B
