выбрасывание	94-5811-B,95-102-B
выбрасыватель	95-242-B
выбрасывать	45-3412-B,83-4447-B,84-5888-B,94-5679-B,95-0-B,96-3680-B,104-3878-B,296-4282-B,296-4584-B,299-3886-B
выбритый	261-578-B
выброс	95-136-B
выброшенный на берег	281-4233-B
выбывать	91-3447-B
вываливать	298-734-B
вываливаться	107-3778-B
выведение	37-4829-B,193-574-B,231-2949-B
выведывать	110-2600-B,191-4005-B,226-1111-B
вывезти	105-1931-B
выверка	11-2924-B
выверять	7-4335-B,42-2988-B,122-1614-B,237-4476-B,304-1155-B
вывеска	108-3648-B,262-289-B,264-1111-B,264-1753-B
вывести	37-4615-B,74-3987-B,129-4190-B,165-4195-B,231-2614-B,239-2358-B
выветривание	322-2277-B
выветривать	322-2164-B
вывешивать	132-2761-B,217-2748-B,228-2766-B
вывинчивать	254-3036-B
вывих	63-1188-B,85-3233-B,327-2884-B
вывихнуть	85-3204-B,173-2850-B,228-2351-B,327-2902-B
вывод	59-1562-S,59-1900-B,61-1628-B,74-4009-S,74-4204-B,143-782-B,150-1592-S,150-1684-B,234-1859-S
вывод войск	325-3702-B
вывод данных	199-2793-B,233-4911-B
вывод делать вывод	59-1562-B,74-4009-B,150-1592-B,234-1859-B
выводить	37-4636-B,59-1607-B,74-4052-B,78-4494-B,148-983-B,234-1215-B,239-2380-B,290-4871-B
выводить из заблуждения	83-1486-B,308-801-B
выводить из себя	247-4139-B
выводить на прогулку	223-6183-B
выводок	39-128-B,133-4433-B,170-450-B
вывоз	105-1953-B,105-2053-B
вывозить	105-1971-B
вывозка	239-2138-B
выгадать	121-284-B,251-5048-B
выгадывать	251-5070-B
выгиб	70-3561-B,114-1280-B
выгибать	18-880-B,39-2576-B
выглядеть	171-3019-B
выглядывать	171-3444-B,206-3909-B,206-4259-B
выговаривать	166-2866-B,224-2015-B,240-5053-B
выговор	8-1036-S,47-382-B,76-5232-B,193-3387-B,224-2380-B,226-5253-S,234-3814-B,234-3836-S,240-4004-S,240-5088-B,240-5113-S,240-5904-B,241-63-B,241-115-S,253-3831-B,259-1307-B
выговор делать выговор	8-1036-B,226-5253-B,234-3836-B,240-4004-B,240-5113-B,241-115-B
выговорить	19-4547-B,224-2050-B
выгода	8-3823-B,23-5560-B,30-361-B,88-2189-B,121-306-B,154-5190-B,223-1844-B,315-2545-B
выгодность	223-1982-B
выгодный	8-4091-B,30-243-B,119-2662-B,121-642-B,173-227-B,206-639-B,223-2134-B,239-2968-B
выгон	205-1451-B
выгонка	87-2440-B
выгонять	45-3538-B,91-2312-B,104-1503-B,104-3907-B,305-2969-B
выгонять из норы	110-2632-B,309-435-B
выгорать	253-4358-B
выгореть	40-3616-B,253-4382-B
выгравировать	97-1497-B,98-1947-B,147-115-B
выгребная яма	47-3072-B,47-3106-B,265-2277-B,286-1140-B
выгружать	80-3111-B,83-4915-B,310-5211-B,312-1666-B
выгрузка	83-4944-B,84-4927-B,163-4278-B,310-5315-B
выдавать	30-3186-B,106-1372-B,124-1158-B,124-1388-B,132-843-B,157-5868-B,226-3011-B
выдавать замуж	177-725-B,322-2568-B
выдавать лицензию	168-762-B
выдаваться	39-4312-B,132-3686-B,160-4283-B,160-4348-B,200-3011-B,223-4622-B,225-3397-B,277-4405-B
выдавить	220-4420-B
выдавливать	220-3913-B,276-2991-B
выдалбливать	127-47-B,138-2572-B
выдать замуж	177-759-B
выдача	76-3760-B,106-1399-B,157-5891-B,287-5222-B
выдающийся	38-2075-B,61-5215-B,87-3436-B,96-3459-B,128-3607-B,191-4415-B,192-238-B,199-4235-B,219-3847-B,224-91-B,225-3509-B,250-3445-B,262-381-B,264-2013-B
выдвигать	8-3486-B,155-2408-B,186-497-B,195-2304-B,224-5253-B,226-5060-B,228-1658-B
выдвигать кандидата	191-745-B
выдвижной	292-4964-B
выдвижной ящик	90-3893-B
выдвинуть	224-599-B
выдворение	102-1305-B
выдворять	78-618-B
выделанный	327-4704-B
выделение	4-5913-B,83-4971-B,96-3566-B,103-3198-B,255-4209-B,256-3532-B,256-4439-B
выделить	210-5303-B
выделка	91-670-B
выделывать	91-360-B
выделять	4-5585-B,4-5790-B,12-456-B,17-1686-B,80-134-B,84-3782-B,87-3201-B,94-2144-B,95-4003-B,96-3708-B,96-4485-B,102-2234-B,103-3173-B,157-5290-B,168-108-B,180-3377-B,255-4161-B,256-3413-B
выделяться	277-4436-B
выдергивать	226-4391-B,226-5305-B
выдержанный	178-759-B,255-2635-B
выдержать	97-5632-B,204-2727-B,325-4375-B
выдерживание	255-2703-B
выдерживать	28-664-B,97-5658-B,123-3702-B,138-74-B,138-748-B,204-2751-B,208-5742-B,255-2385-B,277-3465-B,278-4787-B,287-1294-B,288-569-B,288-1763-B,290-3350-B,322-2195-B,325-4404-B
выдержка	103-493-B,106-854-B,277-2482-B,278-4815-B
выдернуть	226-5336-B
выдох	103-5703-B,104-5568-B
выдохшийся	113-3772-B,277-1740-B,321-1314-B
выдра	198-4490-B
выдрессировать	291-1542-B,300-4744-B
выдувать	33-3234-B
выдуманный	111-351-B,111-450-B,143-3352-B,174-195-B
выдумать	295-2688-B,304-1722-B
выдумка	36-3593-B,63-3743-B,103-2706-B,106-4090-B,111-284-B,156-3126-B
выдумщик	63-3962-B,156-3336-B
выдумывать	90-4866-B,103-2610-B,106-3933-B,116-4315-B,156-2938-B,175-35-B,246-3705-B
выдыхание	103-5725-B,104-5590-B
выдыхать	103-5755-B,104-5742-B
выезд	77-4863-B,104-2006-B
выезжать	166-1970-B,186-525-B,259-718-B,290-4897-B
выемка	71-1064-B,127-78-B,138-2200-B,191-4825-B,320-3149-B
выехать	166-1993-B,185-4873-B,259-743-B
выжать	220-4447-B,276-3264-B,327-3270-B
выждать	31-655-B,293-1525-B,320-305-B,321-2801-B
выжечь	40-3643-B,40-3702-B,48-1402-B
выживание	288-513-B
выживать	288-600-B
выжигать	40-3724-B,253-4406-B
выжидательный	293-1577-B,320-584-B
выжидать	31-675-B,293-1550-B,320-325-B,321-2822-B
выжимать	106-879-B,220-4470-B,276-3022-B,327-3293-B
выжить	199-2235-B,288-625-B
вызвать	286-912-B
вызвать крушение	78-3503-B
вызволять	4-1621-B,84-4989-B,118-2439-B,168-134-B,244-3571-B
выздоравливать	63-5213-B,235-4730-B,236-274-B
выздоравливающий	63-5294-B
выздороветь	235-4767-B
выздоровление	63-5253-B,235-5000-B,236-363-B
вызов	42-3396-B,47-3928-S,47-3964-B,72-998-B,75-1593-B,75-4157-S,156-5525-B,225-5654-B,245-2309-B,286-1092-B
вызов в суд	51-1441-B
вызолотить	123-5293-B
вызревать	245-3230-B
вызывать	19-1024-B,37-4659-B,38-2421-B,38-2676-B,38-2932-B,42-3412-B,42-3733-B,42-3761-B,42-3898-B,46-2157-B,47-3985-B,67-4742-B,75-4188-B,95-3839-B,98-1385-B,98-5749-B,102-2024-B,103-1634-B,110-4098-B,122-3979-B,149-2138-B,156-5736-B,185-4893-B,194-3539-B,222-4794-B,224-1186-B,225-6009-B,231-2635-B,257-2954-B,259-919-B,273-1163-B,286-934-B,326-2801-B
вызывать в суд	51-1493-B,284-3169-B,286-958-B
вызывать воспаление	150-3466-B
вызывать духов	156-5760-B
вызывать отвращение	188-3884-B,228-1944-B,240-1478-B,244-1066-B,263-4316-B
вызывать по телефону	42-3923-B,245-2195-B
вызывать тошноту	188-3931-B,263-4361-B
вызывающий	75-1649-B,146-417-B,152-5910-B,209-2048-B,225-5782-B,251-4309-B
вызывающий возражений	311-1112-S
выиграть	121-324-B,235-4798-B,290-3378-B,324-4561-B
выигрывать	324-4582-B
выигрыш	121-346-B,137-3401-B,222-1347-B,324-4607-B,325-1549-B
выискивать	210-4835-B
выказывать	102-1912-B
выкапывать	81-5642-B,85-2341-B,102-4633-B,130-331-B
выкапывать из могилы	85-2371-B,104-1147-B
выкачивать	90-1970-B,103-5831-B,227-463-B,227-539-B,291-3042-B
выкидывать	3-3904-B,296-4315-B
выкидыш	3-3991-B,182-1735-B
выкипеть	34-2425-B
выкладка	165-3139-B,201-3206-B
выкладывать	165-2788-B,169-1539-B
выклевывать	206-2576-B
выкликать	42-3434-B,265-1025-B,286-992-B
выключатель	289-1948-B
выключать	71-447-B,84-832-B,154-3979-B,289-2328-B,305-2818-B,305-2995-B
выключенный	195-1025-B,198-4798-B
выключить	95-4030-B,289-2358-B
выклянчивать	42-777-B
выковать	116-4342-B
выковывать	116-4365-B,132-307-B
выковыривать	210-5329-B
выколачивать	162-2566-B
выколотить	162-2601-B
выкопать	81-5528-B
выкорчевать	313-4207-B
выкрасить	202-423-B
выкрик	103-2124-B,155-346-B,199-181-B
выкрикивать	42-3842-B,69-2992-B,103-2031-B
выкройка	205-4041-B
выкрутить	312-317-B
выкручивать	312-344-B
выкуп	232-906-B,236-1190-B,240-1016-B
выкупать	41-2728-B,232-924-B,236-916-B
выкуривать	269-1195-B,280-1928-B
вылавливать	112-4111-B
вылазка	272-675-B
выламывать	37-2904-B
вылежаться	178-789-B,245-3255-B
вылезать	123-3212-B,123-3498-B
вылепить	183-2284-B
вылетать	115-1488-B
вылечивать	70-1240-B,239-702-B
вылечить	70-1266-B,134-2870-B
выливать	218-808-B,218-1005-B
выливаться	84-5113-B
вымазать	269-0-B
вымазывать	269-23-B
вымаливать	29-169-B,145-1455-B
вымарывать	76-251-B
вымачивать	173-3597-B,270-1379-B
вымерший	105-6240-B
вымерять	178-3398-B
вымирание	105-6290-B
вымирать	81-3325-B
вымогатель	106-507-B,106-540-B,166-3328-B,230-3773-B,315-1803-B
вымогательство	32-1264-B,106-468-B
вымогать	102-2433-B,106-388-B
вымолвить	314-2983-B
вымостить	205-4708-B
вымочить	91-258-B,270-1405-B
вымпел	98-5149-B,207-2063-B,207-2117-B
вымучивать	106-412-B
вымысел	59-2251-B,103-2734-B,111-307-B,111-2452-B
вымыть	321-1217-B
вымышленный	21-2717-B,111-382-B,111-415-B,111-482-B,143-3383-B,174-224-B,187-3350-B
вымя	25-1198-B,92-1398-B,306-2766-B
вынашивать	123-2393-B,148-1009-B
вынимать	226-5088-B,290-3400-B,290-4923-B
выносить	3-1447-B,28-692-B,97-5688-B,288-1794-B,298-3930-B
выносливость	92-3524-B,97-5332-B,108-4929-B,133-627-B,208-5903-B,208-6043-B,277-2507-B
выносливый	133-1210-B,209-103-B,282-4991-B,300-802-B
выношенный	178-817-B
вынуждать	57-3410-B,62-142-B,98-560-B,144-3429-B
вынужденный	62-231-B,116-1219-B
вынюхивать	110-2674-B,191-4037-B
выпад	173-1880-B,204-2779-B,296-4923-B
выпадать	107-3812-B
выпаривание	101-4839-B,315-2808-B,319-1614-B
выпаривать	279-855-B
выпачкать	28-4712-B,216-260-B,270-4441-B,277-1063-B
выпекание	25-2159-B
выпекать	25-1906-B
выписка	83-5000-B,103-518-B,106-904-B,197-5071-B,284-3587-B
выписывать	90-3096-B,174-5428-B,290-3422-B,327-3879-B
выплачивать	206-519-B,236-940-B
выплевывать	274-2815-B
выплюнуть	274-2847-B
выполаскивать	245-2526-B
выполнение	5-3110-B,6-872-B,83-5025-B,94-2956-B,103-4495-B,103-4557-B,119-4050-B,119-4219-B,145-888-B,208-770-B,225-548-B,227-4695-B,234-364-B,236-1212-B
выполненный	5-2934-B,103-4431-B,208-1054-B
выполнимость	109-3154-B
выполнимый	88-4155-B,109-3260-B,218-2169-B,234-234-B,326-3744-B
выполнить	5-2618-B,103-4243-B,145-645-B,208-526-B
выполнять	5-2648-B,6-725-B,22-2710-B,45-1388-B,58-1503-B,83-5056-B,88-3631-B,103-4270-B,119-3810-B,119-3928-B,139-181-B,139-611-B,145-674-B,161-168-B,208-553-B,225-463-B,228-2534-B,234-558-B,236-970-B,251-3481-B,301-1994-B
выполоскать	245-2698-B
выпот	94-4570-B
выправка	78-838-B,217-872-B
выправлять	65-1696-B,235-5925-B
выпрашивать	29-194-B,271-589-B
выпрыгнуть	160-2059-B
выпрягать	309-6323-B
выпрямить	281-2987-B
выпрямление	235-5787-B
выпрямлять	281-3017-B,307-1972-B
выпуклость	35-3896-B,39-4339-B,40-676-B,43-463-B,64-1038-B,123-4512-B,223-6347-B,225-3627-B
выпуклый	39-4443-B,39-4468-B,64-988-B
выпуск	94-1371-B,96-3594-B,105-3602-B,157-5807-B,157-5910-B,192-4198-B,199-2824-B,238-2653-B
выпускать	38-2958-B,76-3305-B,95-29-B,95-3863-B,96-3730-B,103-5779-B,114-2749-B,157-5929-B,165-120-B,167-2050-B,167-2242-B,199-2844-B,222-4819-B,226-3036-B,226-3651-B,228-2378-B,305-3023-B,316-2845-B
выпускать пар	279-882-B
выпускник	127-2202-B
выпустить	96-3754-B,157-5954-B,166-2386-B,167-2269-B,182-4373-B,182-4708-B,222-4846-B,226-3063-B,238-2674-B,305-3051-B
выпучить глаза	126-1842-B
выпытывать	106-440-B
выпь	32-402-B
выпячиваться	39-4366-B
вырабатывать	95-358-B,174-4540-B,176-2168-B,222-4873-B,326-3532-B
выработка	95-550-B,174-4570-B,199-2870-B,222-5528-B,328-1409-B
выравнивание	11-2949-B,100-621-B,100-1084-B,160-3985-B,167-3739-B
выравнивать	11-2866-B,100-727-B,101-5092-B,113-4167-B,160-4127-B,167-3161-B,167-3635-B,213-1506-B,231-4875-B
выражать	64-1069-B,98-4151-B,105-2935-B,195-2329-B,210-3615-B,228-988-B,252-1361-B,314-3008-B,319-671-B,319-1113-B
выражаться	81-2806-S
выражение	77-742-B,105-3047-B,210-3639-B,293-4561-B,314-3200-B
выражение лица	66-1043-B,181-895-B
выражения	203-3593-S
выраженный	105-3016-B,224-2234-B,311-4320-S
выразительность	59-1338-B,59-1441-B,105-3077-B
выразительный	59-1201-B,95-4998-B,105-3342-B,145-5264-B,273-1633-B,293-141-B
вырастать	129-4210-B,129-4570-B,147-6250-B,199-1278-B
выращивание	37-4857-B,69-4782-B,129-4684-B,193-601-B,231-2976-B
выращивать	37-4682-B,69-4514-B,129-4234-B,148-1039-B,193-70-B,231-2658-B,234-1237-B
вырез	148-3039-B,148-3239-B,148-3362-B,189-990-B,191-4844-B
вырезать	45-2097-B,70-4755-B,147-149-B,152-2855-B
вырезка	52-4317-B,71-1085-B,191-4861-B,308-1857-B
выровнять	167-3668-B
выродившийся	75-4418-B
вырождаться	75-4454-B
вырождение	75-4328-B,75-4522-B,80-5424-B
выругать	253-3746-B,293-0-B
выручать	238-4490-B,241-2654-B
выручить	135-4372-B
выручка	93-1827-B,135-4184-B,222-2768-B,234-4845-B,238-4244-B,241-2678-B,285-1548-B,285-1617-B,290-3448-B,291-298-B
вырывать	81-5702-B,102-4663-B,226-5114-B,245-3205-B,292-2476-B,309-474-B,327-2983-B
вырывать с корнем	86-4735-B,313-4237-B
вырыть	82-0-B
вырядить	91-496-B
высадка	84-4959-B,163-4303-B
высадки десанта	28-255-S
высаживать	73-967-B,84-4814-B,163-3821-B,228-1516-B,259-447-B
высаживать на берег	84-4845-B
высаживаться	11-2734-B,73-995-B,84-4892-B,163-3847-B
высасывать	285-1877-B,285-2102-B
высвобождать	84-5299-B,168-162-B
высвобождение	238-2701-B
высевать	272-3117-B
высевки	47-3208-B
высекать	50-256-B,70-4776-B,255-108-B
выселение	95-158-B,102-1335-B
высиживание	148-1127-B
высиживать	133-4454-B,148-1069-B
выситься	300-2109-B
выскабливание	70-1449-B,254-1136-B
высказывание	194-561-B,278-3366-B,314-3229-B
высказывать	105-2960-B,273-1274-B,278-2766-B,316-3006-B,319-697-B,319-1136-B
выскакивать	160-2089-B,166-702-B
выскальзывать	267-3266-B
выскользнуть	267-3298-B,267-3809-B
выскочить	160-2121-B,216-3219-B
выскочка	204-2687-B,313-4877-B
выскребать	254-1572-B
выследить	269-438-B,300-2539-B,300-3219-B
выслеживать	270-56-B,300-2564-B,300-3249-B
выслушивать	23-1421-B,134-3614-B,169-4449-B,272-960-B
высматривать	80-515-B,170-4131-B,275-2711-B
высмеивание	78-4064-B,183-1957-B
высмеивать	78-3953-B,183-1729-B,244-4209-B,251-3183-B,269-4195-B
высмеять	183-1755-B,269-4222-B
высовывать	225-3427-B,279-4697-B
высокий	31-1105-B,95-3388-B,135-1572-B,137-147-B,137-553-B,167-797-B,171-959-B,291-1256-B
высоко	137-167-B,137-1008-B
высоко ценить	222-1368-B
высокогорный	12-3034-B
высококачественный	137-287-B,137-620-B
высокомерие	19-3118-B,19-3339-B,58-4975-B,133-4864-B,134-283-B,140-2853-B,172-306-B,220-5696-B
высокомерный	19-3405-B,21-2785-B,46-3310-B,89-2131-B,133-5008-B,137-373-B,137-747-B,144-4834-B,152-5940-B,171-980-B,172-394-B,200-897-B,201-916-B,220-5590-B,225-3778-B,270-85-B,283-1577-B,286-2941-B,286-4243-B,313-3574-B,313-3630-B,313-4642-B
высокопарность	34-3626-B,127-3995-B,174-2297-B
высокопарный	34-3696-B,127-4079-B,174-2340-B,198-2766-B,216-1694-B,226-3943-B,244-2420-B,247-2080-B,280-911-B,289-2757-B,305-1719-B
высокопоставленный	137-670-B
высокоразвитый	137-1046-B
высокосортный	137-335-B
высосать	285-1921-B,285-2132-B
высота	12-4334-B,78-3085-B,95-3505-B,135-3175-B,137-1128-B,167-3190-B,291-1276-B
высотомер	12-4269-B
высоты	6-3315-S
высохший	325-4061-B,326-112-B
высочайший	137-865-B,203-1406-B,272-2735-B,286-4604-B,287-2837-B,299-1665-B
высочество	1-3965-B,137-1150-B
выспренний	127-4118-B,171-1011-B
выставить	191-792-B,228-1689-B
выставка	86-1410-B,104-643-B,105-2464-B,107-1778-B,263-636-B,263-1338-B
выставление кандидата	191-904-B
выставление счета	156-5670-B
выставлять	86-1435-B,104-486-B,105-2154-B,165-1958-B,191-820-B,228-2794-B,258-4563-B,259-766-B,263-658-B
выставлять напоказ	113-4528-B,203-216-B
выстирать	321-857-B
выстоять	325-4437-B
выстрадать	285-2770-B
выстраивать	19-1238-B,100-3303-B,177-865-B
выстрел	216-3051-B,240-3057-B,247-3264-B,262-5002-B
выстреливать	216-3070-B
выстригать	71-474-B,261-824-B
выстукивать	232-948-B
выступ	35-3922-B,39-747-B,39-4397-B,106-2928-B,160-4308-B,166-3145-B,173-492-B,200-3041-B,223-5000-B,223-6379-B,224-557-B,225-3541-B,225-3661-B,250-3474-B,261-2138-B,263-91-B
выступать	16-4221-B,160-4325-B,160-4377-B,208-580-B,223-4651-B,225-3457-B,277-1903-S,277-4467-B
выступать без подготовки	105-4277-B
выступающий	199-4268-B,223-4966-B,224-122-B,225-3565-B,250-3495-B,273-1421-B
выступить	55-5492-B
выступление	16-4543-B,73-2315-S,273-4052-B
высунуть	228-2405-B
высушивание	79-962-B
высушивать	92-51-B,203-2301-B,255-1633-B
высчитывать	42-2012-B,74-4076-B
высшей степени	106-2567-S,185-914-S
высший	137-815-B,137-894-B,286-4277-B,313-3529-B
высший пилотаж	6-3253-B,9-928-B
высший сорт	106-574-B
высылать	26-700-B,78-644-B,104-3930-B,225-228-B,238-3211-B,257-3096-B
высылка	26-820-B,78-724-B,238-3379-B
высыпание	100-4868-B
высыхание	92-195-B
высыхать	79-887-B,91-4729-B,92-79-B,263-2607-B
высь	135-3195-B
выталкивание	105-3625-B
выталкиватель	95-277-B
выталкивать	104-3953-B,106-2870-B
вытаскивать	90-1792-B,90-3590-B,106-927-B,112-4171-B,123-3523-B,226-4419-B,226-5140-B
вытачка	72-1959-B
вытекание	83-5085-B,199-885-B,199-1906-B
вытекать	95-5579-B,98-5367-B,114-4559-B,157-5979-B,249-987-B,268-2457-B
вытекающий	94-4149-B,98-5473-B
вытереть	100-2974-B,325-1837-B
вытерпеть	97-5712-B,285-2798-B,288-1819-B
вытеснение	86-1202-B,106-2951-B,198-4747-B
вытеснять	69-967-B,85-3402-B,86-1020-B,91-2339-B,106-2901-B,198-4677-B,286-5196-B,287-0-B
вытирать	100-2997-B,184-3565-B,184-3603-B,325-1859-B,325-1923-B,325-2000-B,325-2074-B,325-2154-B
вытолкнуть	228-570-B
выть	140-2572-B,306-3719-B,320-75-B,328-3056-B
вытягивание	95-4850-B,105-4878-B,282-1670-B
вытягивать	90-3622-B,105-4417-B,106-958-B,282-1701-B
вытяжка	4-2961-B,106-987-B
вытянутый	105-4725-B
выуживать	112-4143-B
выучивать	166-758-B,283-2403-B,300-4779-B
выучка	253-2410-B,292-1645-B,301-646-B
выхватывать	292-2502-B
выхлоп	103-5860-B
выхлопная труба	103-5881-B
выхлопные газы	103-5919-B
выход	94-5206-B,94-5224-B,99-2872-B,104-2022-B,104-2088-B,122-871-B,157-5829-B,157-6002-B,198-5504-B,199-912-B,199-1009-B,199-1932-B,199-2896-B,235-250-B,325-3735-B
выход из печати	16-4577-B
выход из строя	107-1084-B
выходить	11-2766-B,16-4247-B,96-2825-B,222-2492-B
выходка	103-593-B,218-3919-B,303-904-B
выхолащивать	45-3946-B,82-1648-B,96-37-B
выхоленный	270-4309-B,323-791-B
выцарапать	254-1605-B
выцарапывать	254-1638-B
выцветание	84-209-B,84-244-B
выцветать	107-289-B
вычеканить	277-2769-B
вычеркивание	43-1833-B,76-389-B
вычеркивать	33-4199-B,43-1637-B,68-4910-B,68-4943-B,76-279-B,94-2282-B,105-3718-B,161-3051-B,193-4111-B,253-4716-B,254-1675-B,282-3294-B,288-4285-B,327-3846-B
вычеркнуть	33-4234-B,43-1667-B,282-3328-B
вычерпать	25-3183-B,103-5955-B
вычерпывать	103-5982-B,163-2021-B,253-3945-B
вычерчивать	214-2778-B
вычесть	74-4106-B,285-411-B
вычесывать	55-3518-B
вычет	74-4225-B
вычисление	42-2422-B,58-3963-B,66-2524-B,101-2337-B,101-4235-B,111-2879-B,192-4716-B,235-1603-B
вычисления	42-2455-B
вычисленный	42-2318-B
вычислять	42-2045-B,50-4181-B,58-4048-B,71-2269-B,80-1985-B,111-2685-B,111-2821-B,232-3614-B,235-1285-B
вычистить	39-1273-B,215-3969-B,227-3085-B
вычитаемое	285-518-B
вычитание	285-487-B
вычитать	74-4128-B,285-435-B
вычищать	52-524-B
вычурный	26-4260-B,120-3838-B,176-806-B
вышагивать	201-2516-B
выше	3-4463-B,30-4918-B,199-5298-B
выше среднего	3-4557-B
вышедший из употребления	72-2466-B,194-1327-B
вышеназванный	9-4656-B
вышестоящий	137-835-B,257-3446-B
вышеупомянутый	3-4627-B,9-4693-B,116-2291-B
вышибала	36-87-B
вышивание	96-2243-B,96-2275-B
вышивать	96-2179-B,326-2823-B
вышивка	96-2305-B
вышина	12-4356-B,135-3211-B,137-1834-B
вышка	78-4809-S,300-2132-B
выявлять	80-547-B
выяснение	20-890-B,20-922-B,105-282-B
выяснять	20-826-B,52-1333-B
вьетнамец	2-3285-B,317-3495-B
вьетнамский	2-3315-B,317-3525-B
вьюга	33-674-B,270-765-B
вьюнок	31-3269-B
вьющийся	68-3097-B,70-2108-B,119-925-B
вяжущий	21-4516-B
вяз	95-4632-B
вязальщик	31-2943-B,162-1937-B
вязание	162-1964-B,162-2058-B
вязанка	40-1158-B,40-1397-B,107-792-B,246-2849-B,261-735-B,304-2326-B
вязаный	162-1914-B
вязанье	162-1988-B
вязать	31-2655-B,162-1870-B
вязка	162-2012-B
вязкий	125-2758-B,205-1537-B,267-2940-B,282-4089-B,293-2055-B,300-829-B,318-3026-B
вязкость	293-2174-B,300-1159-B,318-2970-B
вялость	91-3978-B,113-1798-B,113-1985-B,149-1645-B,149-5239-B,149-5356-B,164-284-B,164-2629-B,165-1784-B,165-1870-B,167-2687-B,169-1366-B,169-4699-B,266-3957-B,299-2748-B
вялый	82-1117-B,89-3360-B,89-3428-B,91-4036-B,92-1651-B,107-1440-B,113-1882-B,113-1922-B,113-3798-B,131-3993-B,146-2039-B,149-1767-B,149-5153-B,163-1001-B,163-2421-B,164-36-B,164-380-B,165-1565-B,167-2606-B,169-4647-B,189-4252-B,210-1726-B,239-1096-B,266-3437-B,267-1432-B,268-1504-B,268-2211-B,274-2239-B,277-801-B,286-5926-B,299-2730-B,315-2690-B,321-1741-B,322-612-B
вянуть	107-313-B,324-4419-B,325-3921-B
габардин	120-4853-B,120-5042-B
габариты	223-1730-B
габитус	131-1647-B
гавайская гитара	306-3147-B
гавань	132-4555-B,132-4700-B,134-361-B,216-4605-B
гавот	122-2249-B
гага	94-5275-B
гагара	88-661-B
гагарка	233-1967-B
гагат	159-454-B
гад	241-275-B
гадательный	60-4714-B
гадкий	3-3412-B,28-1436-B,85-112-B,111-4547-B,136-4872-B,170-3260-B,170-3436-B,188-1316-B,247-1846-B,306-2897-B
гадливость	24-392-B,84-6644-B,170-3348-B
гадость	83-605-B,83-701-B,111-4445-B
гадюка	7-1312-B,20-2447-B,318-1412-B
гаечный ключ	272-4608-B,327-2928-B
газ	122-152-B
газгольдер	122-472-B
газель	122-2607-B
газет	202-5039-S
газета	122-2628-B,159-3844-B,190-585-B,202-4892-B,261-1937-B,290-1102-S
газета с объявлениями	8-5531-B
газетный киоск	190-726-B
газифицировать	122-320-B
газолин	122-448-B
газом	122-163-S
газометр	122-503-B
газон	165-1371-B,288-3175-B
газообразный	122-217-B,122-286-B
газы	103-5919-S
гаитянин	1-3600-B
гаитянский	1-3625-B,131-3714-B
гайка	193-708-B,254-3101-B
гак	139-1445-B
галактика	121-849-B
галантность	121-1299-B
галантный	121-1022-B
галдеж	82-3063-B,82-3391-B,120-3730-B,140-2751-B,191-56-B,313-4111-B
галера	121-1489-B
галерея	121-1424-B
