slur	311-1407-B,311-1419-B,311-1432-B
slurp	311-1444-B,311-1456-B
slurry	311-1472-B,311-1488-B
slush	311-1504-B,311-1517-B,311-1532-B,311-1550-B
slushy	311-1569-B,311-1586-B,311-1607-B
slut	311-1626-B
sluttish	311-1638-B
sly	311-1660-B,311-1672-B
slyly	311-1686-B,311-1700-B,311-1717-B
slyness	311-1733-B,311-1750-B
smack	311-1769-B,311-1786-B,311-1802-B,311-1815-B,311-1829-B,311-1846-B,311-1862-B,311-1878-B,311-1894-B,311-1911-B,311-1925-B,311-1943-B
smacker	311-1959-B,311-1973-B,311-1999-B,311-2015-B,311-2031-B
small	311-2047-B,311-2061-B,311-2079-B,311-2095-B,311-2107-B,311-2123-B,311-2138-B
small scale	311-2157-B
small time	311-2189-B
smaller	311-2212-B
smallest	311-2228-B
smallholder	311-2248-B,311-2272-B,311-2292-B
smallish	311-2316-B
smallness	311-2335-B
smallpox	311-2352-B,311-2372-B
smarm	311-2399-B
smarmy	311-2416-B,311-2435-B
smart	311-2451-B,311-2465-B,311-2479-B,311-2496-B,311-2516-B,311-2530-B,311-2546-B,311-2562-B,311-2578-B,311-2592-B,311-2610-B,311-2623-B,311-2639-B
smartly	311-2656-B,311-2672-B,311-2691-B
smartness	311-2707-B,311-2726-B,311-2745-B
smash	311-2764-B,311-2779-B,311-2793-B,311-2810-B,311-2825-B,311-2840-B,311-2860-B,311-2883-B,311-2895-B,311-2907-B,311-2923-B
smasher	311-2939-B,311-2965-B,311-2981-B
smashing	311-2998-B,311-3016-B
smear	311-3036-B,311-3046-B,311-3060-B,311-3076-B,311-3091-B,311-3104-B,311-3117-B,311-3132-B,311-3148-B
smell	311-3162-B,311-3175-B,311-3190-B,311-3201-B,311-3212-B,311-3228-B,311-3245-B,311-3265-B,311-3277-B,311-3291-B,312-0-B,312-13-B,312-28-B,312-41-B,312-57-B,312-73-B,312-87-B,312-103-B
smelly	312-115-B
smelt	312-134-B,312-147-B,312-159-B,312-174-B,312-186-B
smelter	312-202-B
smew	312-214-B
smidgen	312-228-B
smidgeon	312-243-B
smile	312-260-B,312-276-B,312-294-B
smiler	312-308-B
smiling	312-334-B,312-353-B,312-375-B,312-397-B,312-422-B
smilingly	312-441-B
smirk	312-462-B
smite	312-479-B,312-493-B
smith	312-505-B,312-517-B
smithy	312-531-B
smitten	312-547-B,312-565-B
smock	312-583-B,312-596-B
smog	312-621-B
smoke	312-631-B,312-642-B,312-655-B,312-667-B,312-681-B,312-692-B,312-708-B
smokehouse	312-721-B
smokeless	312-740-B,312-761-B,312-782-B
smoker	312-805-B
smokestack	312-820-B,312-838-B
smoking	312-866-B,312-884-B
smoky	312-899-B
smooth	312-917-B,312-931-B,312-946-B,312-962-B,312-978-B,312-992-B,312-1009-B,312-1026-B,312-1054-B,312-1070-B,312-1088-B
smoother	312-1106-B
smoothie	312-1124-B
smoothly	312-1144-B
smoothness	312-1160-B
smother	312-1180-B
smoulder	312-1195-B
smudge	312-1212-B,312-1226-B
smudgy	312-1241-B,312-1257-B,312-1277-B
smug	312-1296-B,312-1312-B,312-1330-B,312-1346-B
smuggle	312-1361-B
smuggler	312-1378-B
smuggling	312-1397-B,312-1421-B
smugly	312-1443-B,312-1461-B,312-1481-B,312-1499-B
smugness	312-1516-B
smut	312-1537-B,312-1554-B,312-1568-B,312-1585-B,312-1601-B,312-1618-B,312-1628-B
smutty	312-1646-B
snack	312-1662-B,312-1682-B,312-1703-B,312-1718-B
snaffle	312-1733-B,312-1750-B,312-1773-B
snag	312-1791-B,312-1804-B,312-1821-B
snail	312-1835-B,312-1852-B,312-1863-B
snake	312-1875-B
snakebite	312-1885-B
snaky	312-1912-B
snap	312-1928-B,312-1944-B,312-1961-B,312-1976-B,312-1992-B,312-2005-B,312-2023-B,312-2036-B,312-2052-B
snapdragon	312-2064-B
snapper	312-2092-B
snappish	312-2119-B
snappy	312-2136-B,312-2152-B
snapshot	312-2169-B,312-2184-B,312-2202-B,312-2219-B,312-2239-B
snare	312-2256-B,312-2276-B,312-2290-B,312-2306-B,312-2318-B
snarl	312-2329-B,312-2343-B
snatch	312-2356-B,312-2372-B,312-2390-B,312-2403-B
snatcher	312-2418-B,312-2435-B,312-2451-B,312-2468-B
sneak	312-2507-B,312-2523-B,312-2541-B,312-2557-B,312-2576-B,312-2593-B,312-2610-B
sneaker	312-2625-B
sneakily	312-2641-B
sneaky	312-2660-B
sneer	312-2677-B
sneeringly	312-2692-B,312-2713-B
sneeze	312-2737-B,312-2752-B,312-2769-B
snick	312-2787-B,312-2805-B,312-2824-B,312-2844-B
snicker	312-2861-B
snide	312-2880-B
sniff	312-2898-B,312-2916-B,312-2932-B,312-2947-B,312-2963-B,312-2979-B,312-2993-B,312-3008-B
sniffer	312-3023-B
sniffle	312-3040-B,312-3060-B
sniffy	312-3077-B
snifter	312-3096-B
snigger	312-3113-B,312-3129-B,312-3147-B,312-3168-B
snip	312-3187-B,312-3205-B,312-3222-B,312-3239-B
snipe	312-3257-B,312-3274-B
sniper	312-3292-B,312-3313-B
snippet	312-3333-B,312-3348-B,312-3368-B,312-3383-B
snitch	313-0-B,313-17-B
snivel	313-32-B,313-47-B
snob	313-63-B,313-79-B
snobbery	313-89-B,313-112-B,313-133-B,313-152-B
snobbish	313-171-B
snobbishly	313-189-B
snobbishness	313-208-B
snobby	313-231-B
snook	313-247-B
snooker	313-273-B
snoop	313-292-B,313-306-B
snooper	313-323-B
snoopy	313-339-B
snoot	313-359-B
snooty	313-369-B,313-387-B
snooze	313-405-B,313-421-B
snore	313-440-B,313-455-B
snorer	313-473-B
snorkel	313-503-B,313-529-B,313-564-B
snort	313-581-B
snot	313-593-B,313-610-B
snotty	313-620-B,313-638-B,313-658-B
snout	313-676-B,313-690-B,313-703-B,313-717-B
snow	313-731-B,313-745-B,313-755-B,313-766-B,313-781-B,313-797-B
snow white	313-811-B,313-835-B
snowball	313-856-B,313-874-B,313-895-B
snowbound	313-920-B,313-939-B
snowdrift	313-958-B,313-986-B
snowdrop	313-1004-B
snowfall	313-1024-B,313-1050-B
snowfield	313-1070-B
snowflake	313-1095-B,313-1123-B
snowman	313-1141-B
snowmobile	313-1160-B
snowplough	313-1188-B
snowshoe	313-1214-B
snowstorm	313-1234-B,313-1261-B
snowy	313-1279-B,313-1296-B,313-1315-B
snub	313-1334-B,313-1351-B,313-1363-B
snuff	313-1377-B,313-1390-B,313-1406-B,313-1422-B,313-1446-B,313-1461-B,313-1478-B,313-1495-B
snuffbox	313-1513-B
snuffer	313-1533-B
snuffle	313-1551-B
snug	313-1571-B,313-1582-B,313-1597-B,313-1612-B,313-1630-B,313-1648-B,313-1665-B,313-1682-B,313-1696-B,313-1711-B
snuggle	313-1725-B,313-1741-B,313-1759-B,313-1780-B
snugly	313-1797-B,313-1814-B
snugness	313-1830-B
so	293-1265-S,313-1849-B,313-1856-B,313-1866-B,313-1875-B,313-1884-B,313-1891-B,313-1901-B,313-1911-B,313-1922-B,313-1929-S,313-1946-S
so and so	313-1929-B
so so	313-1946-B
soak	313-1960-B,313-1976-B,313-1993-B,313-2006-B,313-2020-B,313-2035-B,313-2051-B,313-2065-B,313-2078-B,313-2090-B,313-2105-B,313-2121-B,313-2138-B,313-2154-B
soakage	313-2169-B
soaking	313-2189-B
soap	313-2209-B,313-2221-B,313-2233-B
soapbox	313-2247-B,313-2278-B
soapstone	313-2304-B
soapsuds	313-2321-B
soapy	313-2338-B,313-2354-B
soar	313-2371-B,313-2391-B,313-2411-B,313-2424-B,313-2438-B,313-2452-B,313-2470-B
soaring	313-2486-B
sob	313-2505-B,313-2515-B
sobbing	313-2527-B
sober	313-2546-B,313-2566-B,313-2585-B
soberly	313-2607-B
sobriety	313-2628-B,313-2650-B
sobriquet	313-2673-B
soccer	313-2695-B,313-2709-B,313-2727-B
sociability	313-2742-B
sociable	313-2764-B,313-2784-B,313-2806-B
sociably	313-2829-B
social	313-2847-B,313-2863-B,313-2883-B,313-2901-B
socialisation	313-2922-B
socialise	313-2948-B
socialism	313-2969-B,313-2991-B
socialist	313-3013-B,313-3034-B
socialistic	313-3059-B
socialite	313-3086-B
sociality	313-3106-B
socialization	313-3131-B
socialize	313-3157-B,313-3184-B
socially	313-3205-B
societal	313-3225-B
society	313-3248-B,313-3266-B,313-3283-B,313-3302-B,313-3317-B,313-3340-B
sociobiology	313-3360-B
sociocultural	313-3387-B
socioeconomic	313-3416-B,313-3447-B
sociolinguistic	313-3485-B
sociological	313-3520-B
sociologically	313-3547-B
sociologist	313-3575-B
sociology	313-3596-B
sociopath	313-3617-B
sociopathic	313-3636-B
sock	313-3662-B,314-0-B,314-14-B,314-28-B
socket	314-39-B,314-52-B,314-67-B,314-84-B,314-100-B,314-116-B,314-134-B
sod	314-150-B,314-160-B
soda	314-168-B,314-178-B
sodality	314-191-B
sodden	314-210-B,314-227-B
sodium	314-246-B
sodomite	314-260-B
sodomy	314-278-B,314-298-B
sofa	314-313-B,314-324-B,314-336-B,314-350-B,314-363-B
soffit	314-373-B,314-394-B,314-409-B,314-438-B
soft	314-474-B,314-486-B,314-498-B,314-511-B,314-524-B,314-538-B,314-556-B,314-570-B,314-585-B,314-600-B,314-617-B,314-629-B,314-644-B
soft pedal	314-662-B
soft spoken	314-681-B
softball	314-718-B
soften	314-735-B,314-751-B,314-769-B,314-786-B
softener	314-803-B
softie	314-825-B
softish	314-854-B
softly	314-875-B,314-889-B,314-903-B
softness	314-917-B,314-934-B
software	314-952-B
softwood	314-970-B,314-990-B
softy	314-1014-B
soggy	314-1028-B,314-1041-B,314-1059-B
soi disant	314-1072-B
soil	314-1094-B,314-1108-B,314-1119-B,314-1130-B,314-1141-B,314-1152-B,314-1165-B,314-1177-B
soiree	314-1190-B
sojourn	314-1207-B,314-1221-B
sojourner	314-1247-B
sol	314-1276-B
solace	314-1284-B,314-1301-B,314-1317-B
solar	314-1333-B
solarium	314-1350-B
sold	314-1369-B,314-1381-B,314-1394-B,314-1408-B,314-1421-B
solder	314-1436-B,314-1453-B
soldier	314-1467-B,314-1482-B
soldierly	314-1497-B
soldiery	314-1516-B
sole	314-1532-B,314-1546-B,314-1559-B,314-1569-B,314-1583-B,314-1599-B,314-1612-B
solecism	314-1622-B,314-1647-B,314-1668-B
solely	314-1688-B,314-1703-B,314-1716-B,314-1729-B,314-1745-B,314-1757-B,314-1771-B
solemn	314-1789-B,314-1808-B
solemnity	314-1824-B
solemnly	314-1844-B
solenoid	314-1862-B
solicit	314-1880-B,314-1903-B,314-1923-B,314-1943-B,314-1961-B,314-1981-B,314-2000-B,314-2021-B
solicitation	314-2037-B,314-2059-B
solicitor	314-2085-B,314-2104-B,314-2120-B,314-2152-B,314-2179-B
solicitous	314-2199-B,314-2223-B
solicitously	314-2247-B,314-2273-B
solicitude	314-2299-B,314-2321-B
solid	314-2346-B,314-2361-B,314-2381-B,314-2394-B,314-2412-B,314-2427-B,314-2445-B,314-2457-B
solid state	314-2471-B,314-2514-B
solidarity	314-2542-B,314-2564-B
solidification	314-2588-B,314-2615-B,314-2639-B
solidify	314-2664-B,314-2681-B,314-2698-B
solidity	314-2717-B
solidly	314-2736-B,314-2751-B
solidness	314-2768-B
solidus	314-2786-B,314-2803-B
soliloquy	314-2836-B,314-2854-B
solipsism	314-2874-B
solitaire	314-2896-B,314-2915-B
solitariness	314-2934-B
solitary	314-2958-B,314-2977-B
solitude	314-3000-B,314-3021-B,314-3041-B,314-3060-B
solo	314-3076-B,314-3093-B
soloist	314-3104-B
solstice	314-3121-B
solubility	314-3140-B
soluble	314-3163-B,370-3215-S
solute	314-3182-B,314-3210-B
solution	314-3231-B,314-3255-B,314-3271-B,314-3293-B,314-3314-B
solvable	314-3333-B
solve	314-3355-B,314-3371-B,314-3385-B,314-3402-B,314-3418-B
solvency	314-3432-B,314-3461-B
solvent	314-3482-B,314-3505-B,314-3531-B
solver	314-3550-B
solving	314-3567-B
somatic	315-0-B,315-19-B
sombre	315-36-B,315-52-B,315-70-B,315-85-B,315-99-B,315-113-B,315-132-B
sombrely	315-152-B,315-169-B
sombreness	315-189-B
some	315-208-B,315-221-B,315-233-B,315-247-B,315-261-B,315-275-B,315-290-B
somebody	315-302-B,315-317-B
someday	315-333-B,315-353-B,315-368-B
somehow	315-383-B,315-398-B
someone	315-426-B,315-440-B
someplace	315-455-B,315-472-B
somersault	315-489-B,315-510-B
something	315-527-B,315-542-B
sometime	315-558-B,315-574-B,315-589-B
sometimes	315-605-B,315-622-B,315-639-B
someway	315-656-B
somewhat	315-670-B,315-685-B,315-703-B
somewhere	315-719-B,315-735-B,315-752-B
somite	315-769-B
sommelier	315-782-B
somnambulist	315-802-B
somnolence	315-831-B,315-851-B
somnolent	315-870-B
son	315-888-B
son in law	315-896-B
sonar	315-912-B
sonata	315-924-B
sone	315-939-B,315-964-B
song	315-973-B,315-986-B
songbird	315-1002-B
songbook	315-1026-B
songster	315-1045-B,315-1068-B
songstress	315-1086-B
songwriter	315-1108-B,315-1139-B
sonic	315-1160-B,315-1177-B
sonnet	315-1192-B,315-1205-B
sonny	315-1220-B,315-1235-B
sonority	315-1247-B
sonorous	315-1266-B
sonorously	315-1284-B
soon	315-1304-B,315-1314-B,315-1324-B,315-1340-B
sooner	315-1351-B
soonest	315-1366-B
soot	315-1396-B
sooth	315-1406-B
soothe	315-1419-B,315-1438-B,315-1455-B,315-1469-B,315-1489-B,315-1505-B,315-1520-B
soothing	315-1535-B,315-1556-B,315-1577-B,315-1597-B,315-1617-B,315-1641-B,315-1663-B,315-1687-B
soothingly	315-1711-B
soothsayer	315-1734-B,315-1756-B,315-1774-B
sooty	315-1794-B,315-1816-B,315-1832-B,315-1852-B
sop	315-1877-B,315-1890-B,315-1905-B
sophist	315-1918-B
sophisticate	315-1934-B
sophistication	315-1976-B,315-2006-B
sophistry	315-2037-B
soporific	315-2057-B
soppy	315-2078-B,315-2100-B
soprano	213-1515-S,315-2117-B
sorbet	315-2133-B
sorcerer	315-2149-B,315-2169-B
sorceress	315-2188-B,315-2209-B
sorcery	315-2231-B,315-2253-B,315-2267-B
sordid	315-2292-B,315-2310-B
sordidness	315-2327-B
sore	315-2350-B,315-2363-B,315-2375-B,315-2391-B,315-2403-B,315-2414-B
sorely	315-2429-B,315-2443-B,315-2458-B,315-2472-B
soreness	315-2488-B
sorghum	315-2509-B
sorority	315-2524-B
sorption	315-2549-B
sorrel	315-2565-B
sorrow	315-2582-B,315-2597-B,315-2611-B
sorrowful	315-2623-B,315-2648-B,315-2666-B,315-2688-B
sorrowfully	315-2709-B,315-2729-B
sorry	315-2753-B,315-2768-B,315-2792-B,315-2806-B,315-2819-B,315-2836-B,315-2849-B
sort	315-2865-B,315-2875-B,315-2887-B,315-2900-B,315-2917-B,315-2934-B,315-2945-B,315-2954-B,315-2967-B,315-2981-B,315-2998-B,315-3015-B
sorter	315-3026-B
sortie	315-3043-B
sorting	315-3057-B,315-3072-B
sot	315-3089-B
sottish	315-3100-B
sou	315-3118-B,315-3127-B
sou wester	315-3137-B
soubriquet	315-3170-B
souffle	315-3193-B
sough	315-3211-B,315-3225-B
sought	315-3237-B,315-3251-B,315-3267-B
sought after	315-3286-B,315-3313-B
souk	315-3337-B
soul	315-3362-B
soulful	315-3373-B
soulfully	315-3395-B
soulless	315-3418-B
sound	315-3437-B,315-3448-B,315-3475-B,316-0-B,316-14-B,316-31-B,316-46-B,316-58-B,316-73-B,316-91-B,316-102-B,316-116-B,316-130-B,316-157-B,316-169-B,316-180-B,316-195-B,316-209-B
sounder	316-224-B,316-241-B
sounding	316-256-B,316-273-B
soundless	316-292-B
soundlessly	316-313-B,316-336-B
soundly	316-354-B,316-373-B
soundness	316-397-B,316-421-B
soundproof	316-444-B
soundtrack	316-468-B,316-490-B
soup	316-516-B
sour	316-530-B,316-540-B,316-553-B,316-566-B,316-579-B,316-591-B,316-607-B,316-624-B,316-638-B
source	316-652-B,316-666-B,316-684-B,316-698-B
sourish	316-711-B
sourly	316-733-B,316-747-B
sourness	316-762-B,316-780-B
sourpuss	316-803-B,316-821-B
soutane	316-837-B
south	316-852-B,316-862-B,316-876-B
southbound	316-890-B
southeast	316-922-B
southeasterly	316-947-B,316-976-B
southeastern	316-1005-B,316-1034-B
souther	316-1062-B
southerly	316-1084-B
southern	316-1102-B
southernmost	316-1119-B
southland	316-1148-B
southpaw	316-1162-B,316-1181-B
southward	316-1197-B
southwest	316-1215-B,316-1236-B
southwesterly	316-1260-B,316-1288-B
southwestern	316-1316-B
souvenir	316-1343-B
sovereign	316-1361-B,316-1380-B,316-1402-B
sovereignty	316-1423-B,316-1446-B
sow	316-1471-B,316-1481-B,316-1493-B,316-1504-B,316-1513-B
sower	316-1524-B,316-1541-B
sown	316-1562-B
soy	316-1575-B,316-1596-B
soya	316-1606-B
soybean	316-1617-B
spa	316-1637-B,316-1649-B
space	316-1661-B,316-1672-B,316-1685-B,316-1698-B,316-1711-B,316-1725-B,316-1745-B,316-1759-B,316-1776-B
space time	316-1796-B
spacecraft	316-1820-B
spaceman	316-1838-B
spaceship	316-1857-B
spacesuit	316-1882-B
spacial	316-1901-B
spacious	316-1921-B,316-1941-B,316-1960-B
spaciously	316-1980-B,316-2002-B
spaciousness	316-2022-B
spade	316-2047-B,316-2057-B
spadework	316-2069-B
spaghetti	316-2099-B
span	316-2118-B,316-2134-B,316-2151-B,316-2167-B,316-2179-B,316-2194-B,316-2206-B,316-2219-B
spang	316-2242-B
spangle	316-2255-B
spaniel	316-2269-B
spank	316-2290-B
spanner	316-2306-B,316-2334-B
spar	316-2349-B,316-2360-B,316-2372-B,316-2386-B,316-2401-B,316-2412-B,316-2441-B,316-2454-B
spare	316-2466-B,316-2485-B,316-2502-B,316-2524-B,316-2553-B,316-2569-B,316-2584-B,316-2597-B,316-2613-B,316-2628-B,316-2644-B,316-2661-B
sparingly	316-2676-B
spark	316-2695-B,316-2708-B,316-2725-B,316-2740-B
sparkle	316-2758-B,316-2773-B
sparkler	316-2790-B
sparkling	316-2808-B,316-2829-B
sparkly	316-2848-B,316-2867-B,316-2886-B
sparrow	316-2905-B
sparse	316-2920-B
sparsely	316-2936-B
sparseness	316-2953-B
sparsity	316-2974-B
spasm	316-2993-B,316-3006-B
spasmodic	316-3021-B
spasmodically	316-3046-B,316-3071-B
spastic	316-3100-B,316-3121-B
spasticity	316-3140-B
spat	316-3165-B,316-3180-B,316-3195-B
spate	316-3205-B
spatial	316-3220-B
spatiality	316-3240-B
spatially	316-3264-B
spatter	316-3286-B,316-3303-B,316-3320-B,316-3337-B,316-3354-B
spatula	316-3375-B
spawn	316-3393-B,316-3405-B,316-3418-B,316-3431-B,316-3447-B,316-3461-B
speak	316-3475-B,316-3490-B,316-3503-B
speakeasy	317-0-B
speaker	317-40-B,317-57-B,317-77-B,317-92-B
speaking	317-110-B,317-128-B
spear	317-147-B,317-159-B
spearhead	317-173-B
spec	317-195-B
special	317-212-B,317-233-B,317-254-B,317-276-B,317-296-B,317-313-B,317-333-B
specialisation	317-353-B
specialise	317-381-B
specialism	317-406-B,317-427-B
specialist	317-451-B,317-472-B,317-492-B
speciality	317-515-B,317-537-B
specialization	317-561-B
specialize	317-589-B
specially	317-614-B,317-636-B,317-657-B
specialness	317-677-B
speciation	317-702-B
specie	317-726-B
species	317-742-B,317-755-B
specifiable	317-771-B,317-801-B
specific	317-828-B,317-855-B,317-876-B,317-894-B,317-912-B
specifically	317-932-B
specification	317-956-B,317-981-B,317-1001-B,317-1035-B,317-1064-B,317-1090-B
specificity	317-1119-B,317-1141-B
specifier	317-1167-B
specify	317-1191-B,317-1215-B,317-1236-B,317-1253-B,317-1271-B,317-1286-B,317-1301-B,317-1317-B
specimen	317-1335-B,317-1355-B,317-1372-B,317-1386-B
specious	317-1402-B,317-1421-B,317-1438-B
speck	317-1458-B,317-1472-B
speckle	317-1486-B
spectacle	317-1506-B,317-1524-B
spectacular	317-1545-B,317-1566-B,317-1588-B,317-1611-B,317-1634-B,317-1657-B
spectacularly	317-1680-B,317-1703-B
spectator	317-1728-B
specter	317-1745-B,317-1763-B
spectral	317-1780-B,317-1803-B
spectre	317-1825-B,317-1838-B,317-1856-B,317-1875-B,317-1890-B
spectrograph	317-1907-B
